state,region_code,region_name,postcode
NSW,101,Capital Region,2536
NSW,101,Capital Region,2537
NSW,101,Capital Region,2545
NSW,101,Capital Region,2546
NSW,101,Capital Region,2548
NSW,101,Capital Region,2549
NSW,101,Capital Region,2550
NSW,101,Capital Region,2551
NSW,101,Capital Region,2579
NSW,101,Capital Region,2580
NSW,101,Capital Region,2581
NSW,101,Capital Region,2582
NSW,101,Capital Region,2583
NSW,101,Capital Region,2584
NSW,101,Capital Region,2585
NSW,101,Capital Region,2586
NSW,101,Capital Region,2587
NSW,101,Capital Region,2594
NSW,101,Capital Region,2618
NSW,101,Capital Region,2619
NSW,101,Capital Region,2620
NSW,101,Capital Region,2621
NSW,101,Capital Region,2622
NSW,101,Capital Region,2623
NSW,101,Capital Region,2625
NSW,101,Capital Region,2626
NSW,101,Capital Region,2627
NSW,101,Capital Region,2628
NSW,101,Capital Region,2629
NSW,101,Capital Region,2630
NSW,101,Capital Region,2631
NSW,101,Capital Region,2632
NSW,101,Capital Region,2633
NSW,101,Capital Region,2726
NSW,101,Capital Region,2803
NSW,101,Capital Region,2807
NSW,102,Central Coast,2250
NSW,102,Central Coast,2251
NSW,102,Central Coast,2256
NSW,102,Central Coast,2257
NSW,102,Central Coast,2258
NSW,102,Central Coast,2259
NSW,102,Central Coast,2260
NSW,102,Central Coast,2261
NSW,102,Central Coast,2262
NSW,102,Central Coast,2263
NSW,103,Central West,2668
NSW,103,Central West,2669
NSW,103,Central West,2671
NSW,103,Central West,2672
NSW,103,Central West,2721
NSW,103,Central West,2787
NSW,103,Central West,2790
NSW,103,Central West,2791
NSW,103,Central West,2792
NSW,103,Central West,2793
NSW,103,Central West,2794
NSW,103,Central West,2795
NSW,103,Central West,2797
NSW,103,Central West,2798
NSW,103,Central West,2799
NSW,103,Central West,2800
NSW,103,Central West,2804
NSW,103,Central West,2805
NSW,103,Central West,2806
NSW,103,Central West,2808
NSW,103,Central West,2809
NSW,103,Central West,2810
NSW,103,Central West,2844
NSW,103,Central West,2845
NSW,103,Central West,2846
NSW,103,Central West,2847
NSW,103,Central West,2848
NSW,103,Central West,2849
NSW,103,Central West,2850
NSW,103,Central West,2852
NSW,103,Central West,2864
NSW,103,Central West,2865
NSW,103,Central West,2866
NSW,103,Central West,2867
NSW,103,Central West,2869
NSW,103,Central West,2870
NSW,103,Central West,2871
NSW,103,Central West,2873
NSW,103,Central West,2874
NSW,103,Central West,2875
NSW,103,Central West,2876
NSW,103,Central West,2877
NSW,104,Coffs Harbour - Grafton,2450
NSW,104,Coffs Harbour - Grafton,2452
NSW,104,Coffs Harbour - Grafton,2453
NSW,104,Coffs Harbour - Grafton,2454
NSW,104,Coffs Harbour - Grafton,2455
NSW,104,Coffs Harbour - Grafton,2456
NSW,104,Coffs Harbour - Grafton,2460
NSW,104,Coffs Harbour - Grafton,2462
NSW,104,Coffs Harbour - Grafton,2463
NSW,104,Coffs Harbour - Grafton,2464
NSW,104,Coffs Harbour - Grafton,2465
NSW,104,Coffs Harbour - Grafton,2466
NSW,105,Far West and Orana,2357
NSW,105,Far West and Orana,2386
NSW,105,Far West and Orana,2387
NSW,105,Far West and Orana,2395
NSW,105,Far West and Orana,2396
NSW,105,Far West and Orana,2818
NSW,105,Far West and Orana,2820
NSW,105,Far West and Orana,2821
NSW,105,Far West and Orana,2823
NSW,105,Far West and Orana,2824
NSW,105,Far West and Orana,2825
NSW,105,Far West and Orana,2826
NSW,105,Far West and Orana,2827
NSW,105,Far West and Orana,2828
NSW,105,Far West and Orana,2829
NSW,105,Far West and Orana,2830
NSW,105,Far West and Orana,2831
NSW,105,Far West and Orana,2832
NSW,105,Far West and Orana,2833
NSW,105,Far West and Orana,2834
NSW,105,Far West and Orana,2835
NSW,105,Far West and Orana,2836
NSW,105,Far West and Orana,2838
NSW,105,Far West and Orana,2839
NSW,105,Far West and Orana,2840
NSW,105,Far West and Orana,2842
NSW,105,Far West and Orana,2843
NSW,105,Far West and Orana,2868
NSW,105,Far West and Orana,2878
NSW,105,Far West and Orana,2879
NSW,105,Far West and Orana,2880
NSW,106,Hunter Valley exc Newcastle,2311
NSW,106,Hunter Valley exc Newcastle,2314
NSW,106,Hunter Valley exc Newcastle,2315
NSW,106,Hunter Valley exc Newcastle,2316
NSW,106,Hunter Valley exc Newcastle,2317
NSW,106,Hunter Valley exc Newcastle,2318
NSW,106,Hunter Valley exc Newcastle,2319
NSW,106,Hunter Valley exc Newcastle,2320
NSW,106,Hunter Valley exc Newcastle,2321
NSW,106,Hunter Valley exc Newcastle,2322
NSW,106,Hunter Valley exc Newcastle,2323
NSW,106,Hunter Valley exc Newcastle,2324
NSW,106,Hunter Valley exc Newcastle,2325
NSW,106,Hunter Valley exc Newcastle,2326
NSW,106,Hunter Valley exc Newcastle,2327
NSW,106,Hunter Valley exc Newcastle,2328
NSW,106,Hunter Valley exc Newcastle,2329
NSW,106,Hunter Valley exc Newcastle,2330
NSW,106,Hunter Valley exc Newcastle,2331
NSW,106,Hunter Valley exc Newcastle,2333
NSW,106,Hunter Valley exc Newcastle,2334
NSW,106,Hunter Valley exc Newcastle,2335
NSW,106,Hunter Valley exc Newcastle,2336
NSW,106,Hunter Valley exc Newcastle,2337
NSW,106,Hunter Valley exc Newcastle,2338
NSW,106,Hunter Valley exc Newcastle,2420
NSW,106,Hunter Valley exc Newcastle,2421
NSW,107,Illawarra,2500
NSW,107,Illawarra,2502
NSW,107,Illawarra,2505
NSW,107,Illawarra,2506
NSW,107,Illawarra,2508
NSW,107,Illawarra,2515
NSW,107,Illawarra,2516
NSW,107,Illawarra,2517
NSW,107,Illawarra,2518
NSW,107,Illawarra,2519
NSW,107,Illawarra,2522
NSW,107,Illawarra,2525
NSW,107,Illawarra,2526
NSW,107,Illawarra,2527
NSW,107,Illawarra,2528
NSW,107,Illawarra,2529
NSW,107,Illawarra,2530
NSW,107,Illawarra,2533
NSW,107,Illawarra,2534
NSW,108,Mid North Coast,2312
NSW,108,Mid North Coast,2415
NSW,108,Mid North Coast,2422
NSW,108,Mid North Coast,2423
NSW,108,Mid North Coast,2424
NSW,108,Mid North Coast,2425
NSW,108,Mid North Coast,2426
NSW,108,Mid North Coast,2427
NSW,108,Mid North Coast,2428
NSW,108,Mid North Coast,2429
NSW,108,Mid North Coast,2430
NSW,108,Mid North Coast,2431
NSW,108,Mid North Coast,2439
NSW,108,Mid North Coast,2440
NSW,108,Mid North Coast,2441
NSW,108,Mid North Coast,2443
NSW,108,Mid North Coast,2444
NSW,108,Mid North Coast,2445
NSW,108,Mid North Coast,2446
NSW,108,Mid North Coast,2447
NSW,108,Mid North Coast,2448
NSW,108,Mid North Coast,2449
NSW,108,Mid North Coast,2898
NSW,109,Murray,2640
NSW,109,Murray,2641
NSW,109,Murray,2642
NSW,109,Murray,2643
NSW,109,Murray,2644
NSW,109,Murray,2645
NSW,109,Murray,2646
NSW,109,Murray,2647
NSW,109,Murray,2648
NSW,109,Murray,2658
NSW,109,Murray,2659
NSW,109,Murray,2660
NSW,109,Murray,2710
NSW,109,Murray,2711
NSW,109,Murray,2712
NSW,109,Murray,2713
NSW,109,Murray,2714
NSW,109,Murray,2715
NSW,109,Murray,2716
NSW,109,Murray,2717
NSW,109,Murray,2731
NSW,109,Murray,2732
NSW,109,Murray,2733
NSW,109,Murray,2734
NSW,109,Murray,2735
NSW,109,Murray,2736
NSW,109,Murray,2737
NSW,109,Murray,2738
NSW,109,Murray,2739
NSW,110,New England and North West,2339
NSW,110,New England and North West,2340
NSW,110,New England and North West,2341
NSW,110,New England and North West,2342
NSW,110,New England and North West,2343
NSW,110,New England and North West,2344
NSW,110,New England and North West,2345
NSW,110,New England and North West,2346
NSW,110,New England and North West,2347
NSW,110,New England and North West,2350
NSW,110,New England and North West,2351
NSW,110,New England and North West,2352
NSW,110,New England and North West,2353
NSW,110,New England and North West,2354
NSW,110,New England and North West,2355
NSW,110,New England and North West,2356
NSW,110,New England and North West,2358
NSW,110,New England and North West,2359
NSW,110,New England and North West,2360
NSW,110,New England and North West,2361
NSW,110,New England and North West,2365
NSW,110,New England and North West,2369
NSW,110,New England and North West,2370
NSW,110,New England and North West,2371
NSW,110,New England and North West,2372
NSW,110,New England and North West,2379
NSW,110,New England and North West,2380
NSW,110,New England and North West,2381
NSW,110,New England and North West,2382
NSW,110,New England and North West,2388
NSW,110,New England and North West,2390
NSW,110,New England and North West,2397
NSW,110,New England and North West,2398
NSW,110,New England and North West,2399
NSW,110,New England and North West,2400
NSW,110,New England and North West,2401
NSW,110,New England and North West,2402
NSW,110,New England and North West,2403
NSW,110,New England and North West,2404
NSW,110,New England and North West,2405
NSW,110,New England and North West,2406
NSW,110,New England and North West,2408
NSW,110,New England and North West,2409
NSW,110,New England and North West,2410
NSW,110,New England and North West,2411
NSW,110,New England and North West,2475
NSW,111,Newcastle and Lake Macquarie,2264
NSW,111,Newcastle and Lake Macquarie,2265
NSW,111,Newcastle and Lake Macquarie,2267
NSW,111,Newcastle and Lake Macquarie,2278
NSW,111,Newcastle and Lake Macquarie,2280
NSW,111,Newcastle and Lake Macquarie,2281
NSW,111,Newcastle and Lake Macquarie,2282
NSW,111,Newcastle and Lake Macquarie,2283
NSW,111,Newcastle and Lake Macquarie,2284
NSW,111,Newcastle and Lake Macquarie,2285
NSW,111,Newcastle and Lake Macquarie,2286
NSW,111,Newcastle and Lake Macquarie,2287
NSW,111,Newcastle and Lake Macquarie,2289
NSW,111,Newcastle and Lake Macquarie,2290
NSW,111,Newcastle and Lake Macquarie,2291
NSW,111,Newcastle and Lake Macquarie,2292
NSW,111,Newcastle and Lake Macquarie,2293
NSW,111,Newcastle and Lake Macquarie,2294
NSW,111,Newcastle and Lake Macquarie,2295
NSW,111,Newcastle and Lake Macquarie,2296
NSW,111,Newcastle and Lake Macquarie,2297
NSW,111,Newcastle and Lake Macquarie,2298
NSW,111,Newcastle and Lake Macquarie,2299
NSW,111,Newcastle and Lake Macquarie,2300
NSW,111,Newcastle and Lake Macquarie,2302
NSW,111,Newcastle and Lake Macquarie,2303
NSW,111,Newcastle and Lake Macquarie,2304
NSW,111,Newcastle and Lake Macquarie,2305
NSW,111,Newcastle and Lake Macquarie,2306
NSW,111,Newcastle and Lake Macquarie,2307
NSW,111,Newcastle and Lake Macquarie,2308
NSW,111,Newcastle and Lake Macquarie,2309
NSW,112,Richmond - Tweed,2469
NSW,112,Richmond - Tweed,2470
NSW,112,Richmond - Tweed,2471
NSW,112,Richmond - Tweed,2472
NSW,112,Richmond - Tweed,2473
NSW,112,Richmond - Tweed,2474
NSW,112,Richmond - Tweed,2476
NSW,112,Richmond - Tweed,2477
NSW,112,Richmond - Tweed,2478
NSW,112,Richmond - Tweed,2479
NSW,112,Richmond - Tweed,2480
NSW,112,Richmond - Tweed,2481
NSW,112,Richmond - Tweed,2482
NSW,112,Richmond - Tweed,2483
NSW,112,Richmond - Tweed,2484
NSW,112,Richmond - Tweed,2485
NSW,112,Richmond - Tweed,2486
NSW,112,Richmond - Tweed,2487
NSW,112,Richmond - Tweed,2488
NSW,112,Richmond - Tweed,2489
NSW,112,Richmond - Tweed,2490
NSW,113,Riverina,2588
NSW,113,Riverina,2590
NSW,113,Riverina,2624
NSW,113,Riverina,2649
NSW,113,Riverina,2650
NSW,113,Riverina,2651
NSW,113,Riverina,2652
NSW,113,Riverina,2653
NSW,113,Riverina,2655
NSW,113,Riverina,2656
NSW,113,Riverina,2661
NSW,113,Riverina,2663
NSW,113,Riverina,2665
NSW,113,Riverina,2666
NSW,113,Riverina,2675
NSW,113,Riverina,2678
NSW,113,Riverina,2680
NSW,113,Riverina,2681
NSW,113,Riverina,2700
NSW,113,Riverina,2701
NSW,113,Riverina,2702
NSW,113,Riverina,2703
NSW,113,Riverina,2705
NSW,113,Riverina,2706
NSW,113,Riverina,2707
NSW,113,Riverina,2720
NSW,113,Riverina,2722
NSW,113,Riverina,2725
NSW,113,Riverina,2727
NSW,113,Riverina,2729
NSW,113,Riverina,2730
NSW,114,Southern Highlands and Shoalhaven,2535
NSW,114,Southern Highlands and Shoalhaven,2538
NSW,114,Southern Highlands and Shoalhaven,2539
NSW,114,Southern Highlands and Shoalhaven,2540
NSW,114,Southern Highlands and Shoalhaven,2541
NSW,114,Southern Highlands and Shoalhaven,2575
NSW,114,Southern Highlands and Shoalhaven,2576
NSW,114,Southern Highlands and Shoalhaven,2577
NSW,114,Southern Highlands and Shoalhaven,2578
NSW,115,Sydney - Baulkham Hills and Hawkesbury,2125
NSW,115,Sydney - Baulkham Hills and Hawkesbury,2126
NSW,115,Sydney - Baulkham Hills and Hawkesbury,2153
NSW,115,Sydney - Baulkham Hills and Hawkesbury,2154
NSW,115,Sydney - Baulkham Hills and Hawkesbury,2155
NSW,115,Sydney - Baulkham Hills and Hawkesbury,2156
NSW,115,Sydney - Baulkham Hills and Hawkesbury,2157
NSW,115,Sydney - Baulkham Hills and Hawkesbury,2158
NSW,115,Sydney - Baulkham Hills and Hawkesbury,2159
NSW,115,Sydney - Baulkham Hills and Hawkesbury,2756
NSW,115,Sydney - Baulkham Hills and Hawkesbury,2757
NSW,115,Sydney - Baulkham Hills and Hawkesbury,2758
NSW,115,Sydney - Baulkham Hills and Hawkesbury,2775
NSW,116,Sydney - Blacktown,2147
NSW,116,Sydney - Blacktown,2148
NSW,116,Sydney - Blacktown,2761
NSW,116,Sydney - Blacktown,2762
NSW,116,Sydney - Blacktown,2763
NSW,116,Sydney - Blacktown,2765
NSW,116,Sydney - Blacktown,2766
NSW,116,Sydney - Blacktown,2767
NSW,116,Sydney - Blacktown,2768
NSW,116,Sydney - Blacktown,2769
NSW,116,Sydney - Blacktown,2770
NSW,117,Sydney - City and Inner South,2000
NSW,117,Sydney - City and Inner South,2006
NSW,117,Sydney - City and Inner South,2007
NSW,117,Sydney - City and Inner South,2008
NSW,117,Sydney - City and Inner South,2009
NSW,117,Sydney - City and Inner South,2010
NSW,117,Sydney - City and Inner South,2011
NSW,117,Sydney - City and Inner South,2015
NSW,117,Sydney - City and Inner South,2016
NSW,117,Sydney - City and Inner South,2017
NSW,117,Sydney - City and Inner South,2018
NSW,117,Sydney - City and Inner South,2019
NSW,117,Sydney - City and Inner South,2020
NSW,117,Sydney - City and Inner South,2037
NSW,117,Sydney - City and Inner South,2042
NSW,117,Sydney - City and Inner South,2043
NSW,117,Sydney - City and Inner South,2044
NSW,117,Sydney - City and Inner South,2048
NSW,117,Sydney - City and Inner South,2049
NSW,117,Sydney - City and Inner South,2050
NSW,117,Sydney - City and Inner South,2204
NSW,117,Sydney - City and Inner South,2999
NSW,118,Sydney - Eastern Suburbs,2021
NSW,118,Sydney - Eastern Suburbs,2022
NSW,118,Sydney - Eastern Suburbs,2023
NSW,118,Sydney - Eastern Suburbs,2024
NSW,118,Sydney - Eastern Suburbs,2025
NSW,118,Sydney - Eastern Suburbs,2026
NSW,118,Sydney - Eastern Suburbs,2027
NSW,118,Sydney - Eastern Suburbs,2028
NSW,118,Sydney - Eastern Suburbs,2029
NSW,118,Sydney - Eastern Suburbs,2030
NSW,118,Sydney - Eastern Suburbs,2031
NSW,118,Sydney - Eastern Suburbs,2032
NSW,118,Sydney - Eastern Suburbs,2033
NSW,118,Sydney - Eastern Suburbs,2034
NSW,118,Sydney - Eastern Suburbs,2035
NSW,118,Sydney - Eastern Suburbs,2036
NSW,118,Sydney - Eastern Suburbs,2052
NSW,119,Sydney - Inner South West,2190
NSW,119,Sydney - Inner South West,2191
NSW,119,Sydney - Inner South West,2192
NSW,119,Sydney - Inner South West,2194
NSW,119,Sydney - Inner South West,2195
NSW,119,Sydney - Inner South West,2196
NSW,119,Sydney - Inner South West,2197
NSW,119,Sydney - Inner South West,2198
NSW,119,Sydney - Inner South West,2199
NSW,119,Sydney - Inner South West,2200
NSW,119,Sydney - Inner South West,2205
NSW,119,Sydney - Inner South West,2206
NSW,119,Sydney - Inner South West,2207
NSW,119,Sydney - Inner South West,2208
NSW,119,Sydney - Inner South West,2209
NSW,119,Sydney - Inner South West,2210
NSW,119,Sydney - Inner South West,2211
NSW,119,Sydney - Inner South West,2212
NSW,119,Sydney - Inner South West,2213
NSW,119,Sydney - Inner South West,2214
NSW,119,Sydney - Inner South West,2216
NSW,119,Sydney - Inner South West,2217
NSW,119,Sydney - Inner South West,2218
NSW,119,Sydney - Inner South West,2219
NSW,119,Sydney - Inner South West,2220
NSW,119,Sydney - Inner South West,2221
NSW,119,Sydney - Inner South West,2222
NSW,119,Sydney - Inner South West,2223
NSW,120,Sydney - Inner West,2038
NSW,120,Sydney - Inner West,2039
NSW,120,Sydney - Inner West,2040
NSW,120,Sydney - Inner West,2041
NSW,120,Sydney - Inner West,2045
NSW,120,Sydney - Inner West,2046
NSW,120,Sydney - Inner West,2047
NSW,120,Sydney - Inner West,2129
NSW,120,Sydney - Inner West,2130
NSW,120,Sydney - Inner West,2131
NSW,120,Sydney - Inner West,2132
NSW,120,Sydney - Inner West,2133
NSW,120,Sydney - Inner West,2134
NSW,120,Sydney - Inner West,2135
NSW,120,Sydney - Inner West,2136
NSW,120,Sydney - Inner West,2137
NSW,120,Sydney - Inner West,2138
NSW,120,Sydney - Inner West,2139
NSW,120,Sydney - Inner West,2140
NSW,120,Sydney - Inner West,2193
NSW,120,Sydney - Inner West,2203
NSW,121,Sydney - North Sydney and Hornsby,2060
NSW,121,Sydney - North Sydney and Hornsby,2061
NSW,121,Sydney - North Sydney and Hornsby,2062
NSW,121,Sydney - North Sydney and Hornsby,2063
NSW,121,Sydney - North Sydney and Hornsby,2064
NSW,121,Sydney - North Sydney and Hornsby,2065
NSW,121,Sydney - North Sydney and Hornsby,2066
NSW,121,Sydney - North Sydney and Hornsby,2067
NSW,121,Sydney - North Sydney and Hornsby,2068
NSW,121,Sydney - North Sydney and Hornsby,2069
NSW,121,Sydney - North Sydney and Hornsby,2070
NSW,121,Sydney - North Sydney and Hornsby,2071
NSW,121,Sydney - North Sydney and Hornsby,2072
NSW,121,Sydney - North Sydney and Hornsby,2073
NSW,121,Sydney - North Sydney and Hornsby,2074
NSW,121,Sydney - North Sydney and Hornsby,2075
NSW,121,Sydney - North Sydney and Hornsby,2076
NSW,121,Sydney - North Sydney and Hornsby,2077
NSW,121,Sydney - North Sydney and Hornsby,2079
NSW,121,Sydney - North Sydney and Hornsby,2080
NSW,121,Sydney - North Sydney and Hornsby,2081
NSW,121,Sydney - North Sydney and Hornsby,2082
NSW,121,Sydney - North Sydney and Hornsby,2083
NSW,121,Sydney - North Sydney and Hornsby,2088
NSW,121,Sydney - North Sydney and Hornsby,2089
NSW,121,Sydney - North Sydney and Hornsby,2090
NSW,121,Sydney - North Sydney and Hornsby,2120
NSW,122,Sydney - Northern Beaches,2084
NSW,122,Sydney - Northern Beaches,2085
NSW,122,Sydney - Northern Beaches,2086
NSW,122,Sydney - Northern Beaches,2087
NSW,122,Sydney - Northern Beaches,2092
NSW,122,Sydney - Northern Beaches,2093
NSW,122,Sydney - Northern Beaches,2094
NSW,122,Sydney - Northern Beaches,2095
NSW,122,Sydney - Northern Beaches,2096
NSW,122,Sydney - Northern Beaches,2097
NSW,122,Sydney - Northern Beaches,2099
NSW,122,Sydney - Northern Beaches,2100
NSW,122,Sydney - Northern Beaches,2101
NSW,122,Sydney - Northern Beaches,2102
NSW,122,Sydney - Northern Beaches,2103
NSW,122,Sydney - Northern Beaches,2104
NSW,122,Sydney - Northern Beaches,2105
NSW,122,Sydney - Northern Beaches,2106
NSW,122,Sydney - Northern Beaches,2107
NSW,122,Sydney - Northern Beaches,2108
NSW,123,Sydney - Outer South West,2167
NSW,123,Sydney - Outer South West,2558
NSW,123,Sydney - Outer South West,2559
NSW,123,Sydney - Outer South West,2560
NSW,123,Sydney - Outer South West,2563
NSW,123,Sydney - Outer South West,2564
NSW,123,Sydney - Outer South West,2565
NSW,123,Sydney - Outer South West,2566
NSW,123,Sydney - Outer South West,2567
NSW,123,Sydney - Outer South West,2568
NSW,123,Sydney - Outer South West,2569
NSW,123,Sydney - Outer South West,2570
NSW,123,Sydney - Outer South West,2571
NSW,123,Sydney - Outer South West,2572
NSW,123,Sydney - Outer South West,2573
NSW,123,Sydney - Outer South West,2574
NSW,124,Sydney - Outer West and Blue Mountains,2745
NSW,124,Sydney - Outer West and Blue Mountains,2747
NSW,124,Sydney - Outer West and Blue Mountains,2748
NSW,124,Sydney - Outer West and Blue Mountains,2749
NSW,124,Sydney - Outer West and Blue Mountains,2750
NSW,124,Sydney - Outer West and Blue Mountains,2752
NSW,124,Sydney - Outer West and Blue Mountains,2753
NSW,124,Sydney - Outer West and Blue Mountains,2754
NSW,124,Sydney - Outer West and Blue Mountains,2755
NSW,124,Sydney - Outer West and Blue Mountains,2759
NSW,124,Sydney - Outer West and Blue Mountains,2760
NSW,124,Sydney - Outer West and Blue Mountains,2773
NSW,124,Sydney - Outer West and Blue Mountains,2774
NSW,124,Sydney - Outer West and Blue Mountains,2776
NSW,124,Sydney - Outer West and Blue Mountains,2777
NSW,124,Sydney - Outer West and Blue Mountains,2778
NSW,124,Sydney - Outer West and Blue Mountains,2779
NSW,124,Sydney - Outer West and Blue Mountains,2780
NSW,124,Sydney - Outer West and Blue Mountains,2782
NSW,124,Sydney - Outer West and Blue Mountains,2783
NSW,124,Sydney - Outer West and Blue Mountains,2784
NSW,124,Sydney - Outer West and Blue Mountains,2785
NSW,124,Sydney - Outer West and Blue Mountains,2786
NSW,125,Sydney - Parramatta,2115
NSW,125,Sydney - Parramatta,2116
NSW,125,Sydney - Parramatta,2117
NSW,125,Sydney - Parramatta,2118
NSW,125,Sydney - Parramatta,2123
NSW,125,Sydney - Parramatta,2127
NSW,125,Sydney - Parramatta,2128
NSW,125,Sydney - Parramatta,2141
NSW,125,Sydney - Parramatta,2142
NSW,125,Sydney - Parramatta,2143
NSW,125,Sydney - Parramatta,2144
NSW,125,Sydney - Parramatta,2145
NSW,125,Sydney - Parramatta,2146
NSW,125,Sydney - Parramatta,2150
NSW,125,Sydney - Parramatta,2151
NSW,125,Sydney - Parramatta,2152
NSW,125,Sydney - Parramatta,2160
NSW,125,Sydney - Parramatta,2161
NSW,125,Sydney - Parramatta,2162
NSW,125,Sydney - Parramatta,2163
NSW,126,Sydney - Ryde,2109
NSW,126,Sydney - Ryde,2110
NSW,126,Sydney - Ryde,2111
NSW,126,Sydney - Ryde,2112
NSW,126,Sydney - Ryde,2113
NSW,126,Sydney - Ryde,2114
NSW,126,Sydney - Ryde,2119
NSW,126,Sydney - Ryde,2121
NSW,126,Sydney - Ryde,2122
NSW,127,Sydney - South West,2164
NSW,127,Sydney - South West,2165
NSW,127,Sydney - South West,2166
NSW,127,Sydney - South West,2168
NSW,127,Sydney - South West,2170
NSW,127,Sydney - South West,2171
NSW,127,Sydney - South West,2172
NSW,127,Sydney - South West,2173
NSW,127,Sydney - South West,2174
NSW,127,Sydney - South West,2175
NSW,127,Sydney - South West,2176
NSW,127,Sydney - South West,2177
NSW,127,Sydney - South West,2178
NSW,127,Sydney - South West,2179
NSW,127,Sydney - South West,2555
NSW,127,Sydney - South West,2556
NSW,127,Sydney - South West,2557
NSW,128,Sydney - Sutherland,2224
NSW,128,Sydney - Sutherland,2225
NSW,128,Sydney - Sutherland,2226
NSW,128,Sydney - Sutherland,2227
NSW,128,Sydney - Sutherland,2228
NSW,128,Sydney - Sutherland,2229
NSW,128,Sydney - Sutherland,2230
NSW,128,Sydney - Sutherland,2231
NSW,128,Sydney - Sutherland,2232
NSW,128,Sydney - Sutherland,2233
NSW,128,Sydney - Sutherland,2234
VIC,201,Ballarat,3334
VIC,201,Ballarat,3341
VIC,201,Ballarat,3342
VIC,201,Ballarat,3345
VIC,201,Ballarat,3350
VIC,201,Ballarat,3351
VIC,201,Ballarat,3352
VIC,201,Ballarat,3355
VIC,201,Ballarat,3356
VIC,201,Ballarat,3357
VIC,201,Ballarat,3360
VIC,201,Ballarat,3363
VIC,201,Ballarat,3364
VIC,201,Ballarat,3370
VIC,201,Ballarat,3371
VIC,201,Ballarat,3373
VIC,201,Ballarat,3458
VIC,201,Ballarat,3460
VIC,201,Ballarat,3461
VIC,201,Ballarat,3464
VIC,201,Ballarat,3465
VIC,201,Ballarat,3467
VIC,201,Ballarat,3468
VIC,201,Ballarat,3469
VIC,201,Ballarat,3472
VIC,201,Ballarat,3475
VIC,202,Bendigo,3442
VIC,202,Bendigo,3444
VIC,202,Bendigo,3446
VIC,202,Bendigo,3447
VIC,202,Bendigo,3448
VIC,202,Bendigo,3450
VIC,202,Bendigo,3451
VIC,202,Bendigo,3453
VIC,202,Bendigo,3462
VIC,202,Bendigo,3463
VIC,202,Bendigo,3515
VIC,202,Bendigo,3516
VIC,202,Bendigo,3517
VIC,202,Bendigo,3518
VIC,202,Bendigo,3520
VIC,202,Bendigo,3523
VIC,202,Bendigo,3537
VIC,202,Bendigo,3550
VIC,202,Bendigo,3551
VIC,202,Bendigo,3555
VIC,202,Bendigo,3556
VIC,202,Bendigo,3557
VIC,202,Bendigo,3558
VIC,202,Bendigo,3570
VIC,202,Bendigo,3571
VIC,202,Bendigo,3573
VIC,202,Bendigo,3575
VIC,202,Bendigo,3576
VIC,203,Geelong,3212
VIC,203,Geelong,3213
VIC,203,Geelong,3214
VIC,203,Geelong,3215
VIC,203,Geelong,3216
VIC,203,Geelong,3217
VIC,203,Geelong,3218
VIC,203,Geelong,3219
VIC,203,Geelong,3220
VIC,203,Geelong,3221
VIC,203,Geelong,3222
VIC,203,Geelong,3223
VIC,203,Geelong,3224
VIC,203,Geelong,3225
VIC,203,Geelong,3226
VIC,203,Geelong,3227
VIC,203,Geelong,3228
VIC,203,Geelong,3230
VIC,203,Geelong,3231
VIC,203,Geelong,3232
VIC,203,Geelong,3235
VIC,203,Geelong,3240
VIC,203,Geelong,3241
VIC,203,Geelong,3321
VIC,203,Geelong,3328
VIC,203,Geelong,3329
VIC,203,Geelong,3330
VIC,203,Geelong,3331
VIC,203,Geelong,3332
VIC,203,Geelong,3333
VIC,204,Hume,3521
VIC,204,Hume,3522
VIC,204,Hume,3607
VIC,204,Hume,3608
VIC,204,Hume,3658
VIC,204,Hume,3659
VIC,204,Hume,3660
VIC,204,Hume,3662
VIC,204,Hume,3663
VIC,204,Hume,3664
VIC,204,Hume,3665
VIC,204,Hume,3666
VIC,204,Hume,3669
VIC,204,Hume,3670
VIC,204,Hume,3672
VIC,204,Hume,3673
VIC,204,Hume,3675
VIC,204,Hume,3677
VIC,204,Hume,3678
VIC,204,Hume,3682
VIC,204,Hume,3683
VIC,204,Hume,3685
VIC,204,Hume,3687
VIC,204,Hume,3688
VIC,204,Hume,3690
VIC,204,Hume,3691
VIC,204,Hume,3694
VIC,204,Hume,3695
VIC,204,Hume,3697
VIC,204,Hume,3698
VIC,204,Hume,3699
VIC,204,Hume,3700
VIC,204,Hume,3701
VIC,204,Hume,3704
VIC,204,Hume,3705
VIC,204,Hume,3707
VIC,204,Hume,3708
VIC,204,Hume,3709
VIC,204,Hume,3711
VIC,204,Hume,3712
VIC,204,Hume,3713
VIC,204,Hume,3714
VIC,204,Hume,3715
VIC,204,Hume,3717
VIC,204,Hume,3718
VIC,204,Hume,3719
VIC,204,Hume,3720
VIC,204,Hume,3722
VIC,204,Hume,3723
VIC,204,Hume,3725
VIC,204,Hume,3726
VIC,204,Hume,3732
VIC,204,Hume,3733
VIC,204,Hume,3735
VIC,204,Hume,3737
VIC,204,Hume,3738
VIC,204,Hume,3739
VIC,204,Hume,3740
VIC,204,Hume,3741
VIC,204,Hume,3744
VIC,204,Hume,3746
VIC,204,Hume,3747
VIC,204,Hume,3749
VIC,204,Hume,3764
VIC,204,Hume,3778
VIC,204,Hume,3779
VIC,205,Latrobe - Gippsland,3816
VIC,205,Latrobe - Gippsland,3818
VIC,205,Latrobe - Gippsland,3820
VIC,205,Latrobe - Gippsland,3821
VIC,205,Latrobe - Gippsland,3822
VIC,205,Latrobe - Gippsland,3823
VIC,205,Latrobe - Gippsland,3824
VIC,205,Latrobe - Gippsland,3825
VIC,205,Latrobe - Gippsland,3831
VIC,205,Latrobe - Gippsland,3832
VIC,205,Latrobe - Gippsland,3833
VIC,205,Latrobe - Gippsland,3835
VIC,205,Latrobe - Gippsland,3840
VIC,205,Latrobe - Gippsland,3842
VIC,205,Latrobe - Gippsland,3844
VIC,205,Latrobe - Gippsland,3847
VIC,205,Latrobe - Gippsland,3850
VIC,205,Latrobe - Gippsland,3851
VIC,205,Latrobe - Gippsland,3852
VIC,205,Latrobe - Gippsland,3854
VIC,205,Latrobe - Gippsland,3856
VIC,205,Latrobe - Gippsland,3857
VIC,205,Latrobe - Gippsland,3858
VIC,205,Latrobe - Gippsland,3859
VIC,205,Latrobe - Gippsland,3860
VIC,205,Latrobe - Gippsland,3862
VIC,205,Latrobe - Gippsland,3864
VIC,205,Latrobe - Gippsland,3865
VIC,205,Latrobe - Gippsland,3869
VIC,205,Latrobe - Gippsland,3870
VIC,205,Latrobe - Gippsland,3871
VIC,205,Latrobe - Gippsland,3873
VIC,205,Latrobe - Gippsland,3874
VIC,205,Latrobe - Gippsland,3875
VIC,205,Latrobe - Gippsland,3878
VIC,205,Latrobe - Gippsland,3880
VIC,205,Latrobe - Gippsland,3882
VIC,205,Latrobe - Gippsland,3885
VIC,205,Latrobe - Gippsland,3886
VIC,205,Latrobe - Gippsland,3887
VIC,205,Latrobe - Gippsland,3888
VIC,205,Latrobe - Gippsland,3889
VIC,205,Latrobe - Gippsland,3890
VIC,205,Latrobe - Gippsland,3891
VIC,205,Latrobe - Gippsland,3892
VIC,205,Latrobe - Gippsland,3893
VIC,205,Latrobe - Gippsland,3895
VIC,205,Latrobe - Gippsland,3896
VIC,205,Latrobe - Gippsland,3898
VIC,205,Latrobe - Gippsland,3900
VIC,205,Latrobe - Gippsland,3902
VIC,205,Latrobe - Gippsland,3903
VIC,205,Latrobe - Gippsland,3904
VIC,205,Latrobe - Gippsland,3909
VIC,205,Latrobe - Gippsland,3921
VIC,205,Latrobe - Gippsland,3922
VIC,205,Latrobe - Gippsland,3923
VIC,205,Latrobe - Gippsland,3925
VIC,205,Latrobe - Gippsland,3945
VIC,205,Latrobe - Gippsland,3946
VIC,205,Latrobe - Gippsland,3950
VIC,205,Latrobe - Gippsland,3951
VIC,205,Latrobe - Gippsland,3953
VIC,205,Latrobe - Gippsland,3954
VIC,205,Latrobe - Gippsland,3956
VIC,205,Latrobe - Gippsland,3957
VIC,205,Latrobe - Gippsland,3958
VIC,205,Latrobe - Gippsland,3959
VIC,205,Latrobe - Gippsland,3960
VIC,205,Latrobe - Gippsland,3962
VIC,205,Latrobe - Gippsland,3964
VIC,205,Latrobe - Gippsland,3965
VIC,205,Latrobe - Gippsland,3966
VIC,205,Latrobe - Gippsland,3967
VIC,205,Latrobe - Gippsland,3971
VIC,205,Latrobe - Gippsland,3979
VIC,205,Latrobe - Gippsland,3984
VIC,205,Latrobe - Gippsland,3987
VIC,205,Latrobe - Gippsland,3988
VIC,205,Latrobe - Gippsland,3990
VIC,205,Latrobe - Gippsland,3991
VIC,205,Latrobe - Gippsland,3992
VIC,205,Latrobe - Gippsland,3995
VIC,205,Latrobe - Gippsland,3996
VIC,206,Melbourne - Inner,3000
VIC,206,Melbourne - Inner,3002
VIC,206,Melbourne - Inner,3003
VIC,206,Melbourne - Inner,3004
VIC,206,Melbourne - Inner,3005
VIC,206,Melbourne - Inner,3006
VIC,206,Melbourne - Inner,3008
VIC,206,Melbourne - Inner,3010
VIC,206,Melbourne - Inner,3031
VIC,206,Melbourne - Inner,3032
VIC,206,Melbourne - Inner,3039
VIC,206,Melbourne - Inner,3040
VIC,206,Melbourne - Inner,3050
VIC,206,Melbourne - Inner,3051
VIC,206,Melbourne - Inner,3052
VIC,206,Melbourne - Inner,3053
VIC,206,Melbourne - Inner,3054
VIC,206,Melbourne - Inner,3055
VIC,206,Melbourne - Inner,3056
VIC,206,Melbourne - Inner,3057
VIC,206,Melbourne - Inner,3058
VIC,206,Melbourne - Inner,3065
VIC,206,Melbourne - Inner,3066
VIC,206,Melbourne - Inner,3067
VIC,206,Melbourne - Inner,3068
VIC,206,Melbourne - Inner,3070
VIC,206,Melbourne - Inner,3071
VIC,206,Melbourne - Inner,3078
VIC,206,Melbourne - Inner,3121
VIC,206,Melbourne - Inner,3141
VIC,206,Melbourne - Inner,3142
VIC,206,Melbourne - Inner,3143
VIC,206,Melbourne - Inner,3181
VIC,206,Melbourne - Inner,3182
VIC,206,Melbourne - Inner,3183
VIC,206,Melbourne - Inner,3184
VIC,206,Melbourne - Inner,3205
VIC,206,Melbourne - Inner,3206
VIC,206,Melbourne - Inner,3207
VIC,206,Melbourne - Inner,3999
VIC,207,Melbourne - Inner East,3101
VIC,207,Melbourne - Inner East,3102
VIC,207,Melbourne - Inner East,3103
VIC,207,Melbourne - Inner East,3104
VIC,207,Melbourne - Inner East,3105
VIC,207,Melbourne - Inner East,3106
VIC,207,Melbourne - Inner East,3107
VIC,207,Melbourne - Inner East,3108
VIC,207,Melbourne - Inner East,3109
VIC,207,Melbourne - Inner East,3122
VIC,207,Melbourne - Inner East,3123
VIC,207,Melbourne - Inner East,3124
VIC,207,Melbourne - Inner East,3125
VIC,207,Melbourne - Inner East,3126
VIC,207,Melbourne - Inner East,3127
VIC,207,Melbourne - Inner East,3128
VIC,207,Melbourne - Inner East,3129
VIC,207,Melbourne - Inner East,3130
VIC,207,Melbourne - Inner East,3146
VIC,207,Melbourne - Inner East,3147
VIC,207,Melbourne - Inner East,3151
VIC,208,Melbourne - Inner South,3144
VIC,208,Melbourne - Inner South,3145
VIC,208,Melbourne - Inner South,3161
VIC,208,Melbourne - Inner South,3162
VIC,208,Melbourne - Inner South,3163
VIC,208,Melbourne - Inner South,3165
VIC,208,Melbourne - Inner South,3185
VIC,208,Melbourne - Inner South,3186
VIC,208,Melbourne - Inner South,3187
VIC,208,Melbourne - Inner South,3188
VIC,208,Melbourne - Inner South,3189
VIC,208,Melbourne - Inner South,3190
VIC,208,Melbourne - Inner South,3191
VIC,208,Melbourne - Inner South,3192
VIC,208,Melbourne - Inner South,3193
VIC,208,Melbourne - Inner South,3194
VIC,208,Melbourne - Inner South,3195
VIC,208,Melbourne - Inner South,3196
VIC,208,Melbourne - Inner South,3197
VIC,208,Melbourne - Inner South,3202
VIC,208,Melbourne - Inner South,3204
VIC,209,Melbourne - North East,3072
VIC,209,Melbourne - North East,3073
VIC,209,Melbourne - North East,3074
VIC,209,Melbourne - North East,3075
VIC,209,Melbourne - North East,3076
VIC,209,Melbourne - North East,3079
VIC,209,Melbourne - North East,3081
VIC,209,Melbourne - North East,3082
VIC,209,Melbourne - North East,3083
VIC,209,Melbourne - North East,3084
VIC,209,Melbourne - North East,3085
VIC,209,Melbourne - North East,3086
VIC,209,Melbourne - North East,3087
VIC,209,Melbourne - North East,3088
VIC,209,Melbourne - North East,3089
VIC,209,Melbourne - North East,3090
VIC,209,Melbourne - North East,3091
VIC,209,Melbourne - North East,3093
VIC,209,Melbourne - North East,3094
VIC,209,Melbourne - North East,3095
VIC,209,Melbourne - North East,3096
VIC,209,Melbourne - North East,3097
VIC,209,Melbourne - North East,3099
VIC,209,Melbourne - North East,3750
VIC,209,Melbourne - North East,3751
VIC,209,Melbourne - North East,3752
VIC,209,Melbourne - North East,3753
VIC,209,Melbourne - North East,3754
VIC,209,Melbourne - North East,3755
VIC,209,Melbourne - North East,3756
VIC,209,Melbourne - North East,3757
VIC,209,Melbourne - North East,3758
VIC,209,Melbourne - North East,3759
VIC,209,Melbourne - North East,3760
VIC,209,Melbourne - North East,3761
VIC,209,Melbourne - North East,3762
VIC,209,Melbourne - North East,3763
VIC,210,Melbourne - North West,3033
VIC,210,Melbourne - North West,3034
VIC,210,Melbourne - North West,3036
VIC,210,Melbourne - North West,3041
VIC,210,Melbourne - North West,3042
VIC,210,Melbourne - North West,3043
VIC,210,Melbourne - North West,3044
VIC,210,Melbourne - North West,3045
VIC,210,Melbourne - North West,3046
VIC,210,Melbourne - North West,3047
VIC,210,Melbourne - North West,3048
VIC,210,Melbourne - North West,3049
VIC,210,Melbourne - North West,3059
VIC,210,Melbourne - North West,3060
VIC,210,Melbourne - North West,3061
VIC,210,Melbourne - North West,3062
VIC,210,Melbourne - North West,3063
VIC,210,Melbourne - North West,3064
VIC,210,Melbourne - North West,3427
VIC,210,Melbourne - North West,3428
VIC,210,Melbourne - North West,3429
VIC,210,Melbourne - North West,3430
VIC,210,Melbourne - North West,3431
VIC,210,Melbourne - North West,3432
VIC,210,Melbourne - North West,3433
VIC,210,Melbourne - North West,3434
VIC,210,Melbourne - North West,3435
VIC,210,Melbourne - North West,3437
VIC,210,Melbourne - North West,3438
VIC,210,Melbourne - North West,3440
VIC,210,Melbourne - North West,3441
VIC,211,Melbourne - Outer East,3111
VIC,211,Melbourne - Outer East,3113
VIC,211,Melbourne - Outer East,3114
VIC,211,Melbourne - Outer East,3115
VIC,211,Melbourne - Outer East,3116
VIC,211,Melbourne - Outer East,3131
VIC,211,Melbourne - Outer East,3132
VIC,211,Melbourne - Outer East,3133
VIC,211,Melbourne - Outer East,3134
VIC,211,Melbourne - Outer East,3135
VIC,211,Melbourne - Outer East,3136
VIC,211,Melbourne - Outer East,3137
VIC,211,Melbourne - Outer East,3138
VIC,211,Melbourne - Outer East,3139
VIC,211,Melbourne - Outer East,3140
VIC,211,Melbourne - Outer East,3152
VIC,211,Melbourne - Outer East,3153
VIC,211,Melbourne - Outer East,3154
VIC,211,Melbourne - Outer East,3155
VIC,211,Melbourne - Outer East,3156
VIC,211,Melbourne - Outer East,3158
VIC,211,Melbourne - Outer East,3159
VIC,211,Melbourne - Outer East,3160
VIC,211,Melbourne - Outer East,3178
VIC,211,Melbourne - Outer East,3179
VIC,211,Melbourne - Outer East,3180
VIC,211,Melbourne - Outer East,3765
VIC,211,Melbourne - Outer East,3766
VIC,211,Melbourne - Outer East,3767
VIC,211,Melbourne - Outer East,3770
VIC,211,Melbourne - Outer East,3775
VIC,211,Melbourne - Outer East,3777
VIC,211,Melbourne - Outer East,3785
VIC,211,Melbourne - Outer East,3786
VIC,211,Melbourne - Outer East,3787
VIC,211,Melbourne - Outer East,3788
VIC,211,Melbourne - Outer East,3789
VIC,211,Melbourne - Outer East,3791
VIC,211,Melbourne - Outer East,3792
VIC,211,Melbourne - Outer East,3793
VIC,211,Melbourne - Outer East,3795
VIC,211,Melbourne - Outer East,3796
VIC,211,Melbourne - Outer East,3797
VIC,211,Melbourne - Outer East,3799
VIC,212,Melbourne - South East,3148
VIC,212,Melbourne - South East,3149
VIC,212,Melbourne - South East,3150
VIC,212,Melbourne - South East,3166
VIC,212,Melbourne - South East,3167
VIC,212,Melbourne - South East,3168
VIC,212,Melbourne - South East,3169
VIC,212,Melbourne - South East,3170
VIC,212,Melbourne - South East,3171
VIC,212,Melbourne - South East,3172
VIC,212,Melbourne - South East,3173
VIC,212,Melbourne - South East,3174
VIC,212,Melbourne - South East,3175
VIC,212,Melbourne - South East,3177
VIC,212,Melbourne - South East,3781
VIC,212,Melbourne - South East,3782
VIC,212,Melbourne - South East,3783
VIC,212,Melbourne - South East,3800
VIC,212,Melbourne - South East,3802
VIC,212,Melbourne - South East,3803
VIC,212,Melbourne - South East,3804
VIC,212,Melbourne - South East,3805
VIC,212,Melbourne - South East,3806
VIC,212,Melbourne - South East,3807
VIC,212,Melbourne - South East,3808
VIC,212,Melbourne - South East,3809
VIC,212,Melbourne - South East,3810
VIC,212,Melbourne - South East,3812
VIC,212,Melbourne - South East,3813
VIC,212,Melbourne - South East,3814
VIC,212,Melbourne - South East,3815
VIC,212,Melbourne - South East,3975
VIC,212,Melbourne - South East,3976
VIC,212,Melbourne - South East,3977
VIC,212,Melbourne - South East,3978
VIC,212,Melbourne - South East,3980
VIC,212,Melbourne - South East,3981
VIC,213,Melbourne - West,3011
VIC,213,Melbourne - West,3012
VIC,213,Melbourne - West,3013
VIC,213,Melbourne - West,3015
VIC,213,Melbourne - West,3016
VIC,213,Melbourne - West,3018
VIC,213,Melbourne - West,3019
VIC,213,Melbourne - West,3020
VIC,213,Melbourne - West,3021
VIC,213,Melbourne - West,3022
VIC,213,Melbourne - West,3023
VIC,213,Melbourne - West,3024
VIC,213,Melbourne - West,3025
VIC,213,Melbourne - West,3026
VIC,213,Melbourne - West,3027
VIC,213,Melbourne - West,3028
VIC,213,Melbourne - West,3029
VIC,213,Melbourne - West,3030
VIC,213,Melbourne - West,3037
VIC,213,Melbourne - West,3038
VIC,213,Melbourne - West,3211
VIC,213,Melbourne - West,3335
VIC,213,Melbourne - West,3337
VIC,213,Melbourne - West,3338
VIC,213,Melbourne - West,3340
VIC,214,Mornington Peninsula,3198
VIC,214,Mornington Peninsula,3199
VIC,214,Mornington Peninsula,3200
VIC,214,Mornington Peninsula,3201
VIC,214,Mornington Peninsula,3910
VIC,214,Mornington Peninsula,3911
VIC,214,Mornington Peninsula,3912
VIC,214,Mornington Peninsula,3913
VIC,214,Mornington Peninsula,3915
VIC,214,Mornington Peninsula,3916
VIC,214,Mornington Peninsula,3918
VIC,214,Mornington Peninsula,3919
VIC,214,Mornington Peninsula,3920
VIC,214,Mornington Peninsula,3926
VIC,214,Mornington Peninsula,3927
VIC,214,Mornington Peninsula,3928
VIC,214,Mornington Peninsula,3929
VIC,214,Mornington Peninsula,3930
VIC,214,Mornington Peninsula,3931
VIC,214,Mornington Peninsula,3933
VIC,214,Mornington Peninsula,3934
VIC,214,Mornington Peninsula,3936
VIC,214,Mornington Peninsula,3937
VIC,214,Mornington Peninsula,3938
VIC,214,Mornington Peninsula,3939
VIC,214,Mornington Peninsula,3940
VIC,214,Mornington Peninsula,3941
VIC,214,Mornington Peninsula,3942
VIC,214,Mornington Peninsula,3943
VIC,214,Mornington Peninsula,3944
VIC,215,North West,3317
VIC,215,North West,3318
VIC,215,North West,3319
VIC,215,North West,3374
VIC,215,North West,3375
VIC,215,North West,3377
VIC,215,North West,3378
VIC,215,North West,3379
VIC,215,North West,3380
VIC,215,North West,3381
VIC,215,North West,3384
VIC,215,North West,3385
VIC,215,North West,3387
VIC,215,North West,3388
VIC,215,North West,3390
VIC,215,North West,3391
VIC,215,North West,3392
VIC,215,North West,3393
VIC,215,North West,3395
VIC,215,North West,3396
VIC,215,North West,3400
VIC,215,North West,3401
VIC,215,North West,3409
VIC,215,North West,3412
VIC,215,North West,3413
VIC,215,North West,3414
VIC,215,North West,3415
VIC,215,North West,3418
VIC,215,North West,3419
VIC,215,North West,3420
VIC,215,North West,3423
VIC,215,North West,3424
VIC,215,North West,3477
VIC,215,North West,3478
VIC,215,North West,3480
VIC,215,North West,3482
VIC,215,North West,3483
VIC,215,North West,3485
VIC,215,North West,3487
VIC,215,North West,3488
VIC,215,North West,3489
VIC,215,North West,3490
VIC,215,North West,3491
VIC,215,North West,3494
VIC,215,North West,3496
VIC,215,North West,3498
VIC,215,North West,3500
VIC,215,North West,3501
VIC,215,North West,3505
VIC,215,North West,3506
VIC,215,North West,3507
VIC,215,North West,3509
VIC,215,North West,3512
VIC,215,North West,3525
VIC,215,North West,3527
VIC,215,North West,3529
VIC,215,North West,3530
VIC,215,North West,3531
VIC,215,North West,3533
VIC,215,North West,3540
VIC,215,North West,3542
VIC,215,North West,3544
VIC,215,North West,3546
VIC,215,North West,3549
VIC,215,North West,3567
VIC,215,North West,3568
VIC,215,North West,3579
VIC,215,North West,3580
VIC,215,North West,3581
VIC,215,North West,3583
VIC,215,North West,3584
VIC,215,North West,3585
VIC,215,North West,3586
VIC,215,North West,3588
VIC,215,North West,3589
VIC,215,North West,3590
VIC,215,North West,3591
VIC,215,North West,3594
VIC,215,North West,3595
VIC,215,North West,3596
VIC,215,North West,3597
VIC,215,North West,3599
VIC,216,Shepparton,3559
VIC,216,Shepparton,3561
VIC,216,Shepparton,3562
VIC,216,Shepparton,3563
VIC,216,Shepparton,3564
VIC,216,Shepparton,3565
VIC,216,Shepparton,3566
VIC,216,Shepparton,3572
VIC,216,Shepparton,3610
VIC,216,Shepparton,3612
VIC,216,Shepparton,3614
VIC,216,Shepparton,3616
VIC,216,Shepparton,3617
VIC,216,Shepparton,3618
VIC,216,Shepparton,3620
VIC,216,Shepparton,3621
VIC,216,Shepparton,3622
VIC,216,Shepparton,3623
VIC,216,Shepparton,3624
VIC,216,Shepparton,3629
VIC,216,Shepparton,3630
VIC,216,Shepparton,3631
VIC,216,Shepparton,3633
VIC,216,Shepparton,3634
VIC,216,Shepparton,3635
VIC,216,Shepparton,3636
VIC,216,Shepparton,3637
VIC,216,Shepparton,3638
VIC,216,Shepparton,3639
VIC,216,Shepparton,3640
VIC,216,Shepparton,3641
VIC,216,Shepparton,3644
VIC,216,Shepparton,3646
VIC,216,Shepparton,3647
VIC,216,Shepparton,3649
VIC,216,Shepparton,3727
VIC,216,Shepparton,3728
VIC,216,Shepparton,3730
VIC,217,Warrnambool and South West,3233
VIC,217,Warrnambool and South West,3234
VIC,217,Warrnambool and South West,3236
VIC,217,Warrnambool and South West,3237
VIC,217,Warrnambool and South West,3238
VIC,217,Warrnambool and South West,3239
VIC,217,Warrnambool and South West,3242
VIC,217,Warrnambool and South West,3243
VIC,217,Warrnambool and South West,3249
VIC,217,Warrnambool and South West,3250
VIC,217,Warrnambool and South West,3251
VIC,217,Warrnambool and South West,3254
VIC,217,Warrnambool and South West,3260
VIC,217,Warrnambool and South West,3264
VIC,217,Warrnambool and South West,3265
VIC,217,Warrnambool and South West,3266
VIC,217,Warrnambool and South West,3267
VIC,217,Warrnambool and South West,3268
VIC,217,Warrnambool and South West,3269
VIC,217,Warrnambool and South West,3270
VIC,217,Warrnambool and South West,3271
VIC,217,Warrnambool and South West,3272
VIC,217,Warrnambool and South West,3273
VIC,217,Warrnambool and South West,3274
VIC,217,Warrnambool and South West,3275
VIC,217,Warrnambool and South West,3276
VIC,217,Warrnambool and South West,3277
VIC,217,Warrnambool and South West,3278
VIC,217,Warrnambool and South West,3279
VIC,217,Warrnambool and South West,3280
VIC,217,Warrnambool and South West,3281
VIC,217,Warrnambool and South West,3282
VIC,217,Warrnambool and South West,3283
VIC,217,Warrnambool and South West,3284
VIC,217,Warrnambool and South West,3285
VIC,217,Warrnambool and South West,3286
VIC,217,Warrnambool and South West,3287
VIC,217,Warrnambool and South West,3289
VIC,217,Warrnambool and South West,3292
VIC,217,Warrnambool and South West,3293
VIC,217,Warrnambool and South West,3294
VIC,217,Warrnambool and South West,3300
VIC,217,Warrnambool and South West,3301
VIC,217,Warrnambool and South West,3302
VIC,217,Warrnambool and South West,3303
VIC,217,Warrnambool and South West,3304
VIC,217,Warrnambool and South West,3305
VIC,217,Warrnambool and South West,3309
VIC,217,Warrnambool and South West,3310
VIC,217,Warrnambool and South West,3311
VIC,217,Warrnambool and South West,3312
VIC,217,Warrnambool and South West,3314
VIC,217,Warrnambool and South West,3315
VIC,217,Warrnambool and South West,3322
VIC,217,Warrnambool and South West,3323
VIC,217,Warrnambool and South West,3324
VIC,217,Warrnambool and South West,3325
VIC,217,Warrnambool and South West,3361
VIC,217,Warrnambool and South West,3407
QLD,301,Brisbane - East,4025
QLD,301,Brisbane - East,4153
QLD,301,Brisbane - East,4154
QLD,301,Brisbane - East,4155
QLD,301,Brisbane - East,4157
QLD,301,Brisbane - East,4158
QLD,301,Brisbane - East,4159
QLD,301,Brisbane - East,4160
QLD,301,Brisbane - East,4161
QLD,301,Brisbane - East,4163
QLD,301,Brisbane - East,4164
QLD,301,Brisbane - East,4165
QLD,301,Brisbane - East,4172
QLD,301,Brisbane - East,4173
QLD,301,Brisbane - East,4174
QLD,301,Brisbane - East,4178
QLD,301,Brisbane - East,4179
QLD,301,Brisbane - East,4183
QLD,301,Brisbane - East,4184
QLD,302,Brisbane - North,4008
QLD,302,Brisbane - North,4012
QLD,302,Brisbane - North,4013
QLD,302,Brisbane - North,4014
QLD,302,Brisbane - North,4017
QLD,302,Brisbane - North,4018
QLD,302,Brisbane - North,4031
QLD,302,Brisbane - North,4032
QLD,302,Brisbane - North,4034
QLD,302,Brisbane - North,4036
QLD,302,Brisbane - North,4053
QLD,303,Brisbane - South,4102
QLD,303,Brisbane - South,4103
QLD,303,Brisbane - South,4104
QLD,303,Brisbane - South,4105
QLD,303,Brisbane - South,4106
QLD,303,Brisbane - South,4107
QLD,303,Brisbane - South,4108
QLD,303,Brisbane - South,4109
QLD,303,Brisbane - South,4110
QLD,303,Brisbane - South,4111
QLD,303,Brisbane - South,4112
QLD,303,Brisbane - South,4113
QLD,303,Brisbane - South,4115
QLD,303,Brisbane - South,4116
QLD,303,Brisbane - South,4120
QLD,303,Brisbane - South,4121
QLD,303,Brisbane - South,4122
QLD,303,Brisbane - South,4151
QLD,303,Brisbane - South,4152
QLD,303,Brisbane - South,4156
QLD,304,Brisbane - West,4054
QLD,304,Brisbane - West,4061
QLD,304,Brisbane - West,4067
QLD,304,Brisbane - West,4068
QLD,304,Brisbane - West,4069
QLD,304,Brisbane - West,4070
QLD,304,Brisbane - West,4072
QLD,304,Brisbane - West,4073
QLD,304,Brisbane - West,4074
QLD,304,Brisbane - West,4075
QLD,305,Brisbane Inner City,4000
QLD,305,Brisbane Inner City,4005
QLD,305,Brisbane Inner City,4006
QLD,305,Brisbane Inner City,4007
QLD,305,Brisbane Inner City,4009
QLD,305,Brisbane Inner City,4010
QLD,305,Brisbane Inner City,4011
QLD,305,Brisbane Inner City,4029
QLD,305,Brisbane Inner City,4030
QLD,305,Brisbane Inner City,4051
QLD,305,Brisbane Inner City,4059
QLD,305,Brisbane Inner City,4060
QLD,305,Brisbane Inner City,4064
QLD,305,Brisbane Inner City,4065
QLD,305,Brisbane Inner City,4066
QLD,305,Brisbane Inner City,4101
QLD,305,Brisbane Inner City,4169
QLD,305,Brisbane Inner City,4170
QLD,305,Brisbane Inner City,4171
QLD,305,Brisbane Inner City,4999
QLD,306,Cairns,4849
QLD,306,Cairns,4852
QLD,306,Cairns,4854
QLD,306,Cairns,4855
QLD,306,Cairns,4856
QLD,306,Cairns,4857
QLD,306,Cairns,4858
QLD,306,Cairns,4859
QLD,306,Cairns,4860
QLD,306,Cairns,4861
QLD,306,Cairns,4865
QLD,306,Cairns,4868
QLD,306,Cairns,4869
QLD,306,Cairns,4870
QLD,306,Cairns,4872
QLD,306,Cairns,4873
QLD,306,Cairns,4877
QLD,306,Cairns,4878
QLD,306,Cairns,4879
QLD,306,Cairns,4880
QLD,306,Cairns,4881
QLD,306,Cairns,4882
QLD,306,Cairns,4883
QLD,306,Cairns,4884
QLD,306,Cairns,4885
QLD,306,Cairns,4886
QLD,306,Cairns,4887
QLD,306,Cairns,4888
QLD,307,Darling Downs - Maranoa,4353
QLD,307,Darling Downs - Maranoa,4354
QLD,307,Darling Downs - Maranoa,4355
QLD,307,Darling Downs - Maranoa,4356
QLD,307,Darling Downs - Maranoa,4357
QLD,307,Darling Downs - Maranoa,4359
QLD,307,Darling Downs - Maranoa,4360
QLD,307,Darling Downs - Maranoa,4361
QLD,307,Darling Downs - Maranoa,4362
QLD,307,Darling Downs - Maranoa,4363
QLD,307,Darling Downs - Maranoa,4364
QLD,307,Darling Downs - Maranoa,4365
QLD,307,Darling Downs - Maranoa,4370
QLD,307,Darling Downs - Maranoa,4371
QLD,307,Darling Downs - Maranoa,4372
QLD,307,Darling Downs - Maranoa,4373
QLD,307,Darling Downs - Maranoa,4374
QLD,307,Darling Downs - Maranoa,4375
QLD,307,Darling Downs - Maranoa,4376
QLD,307,Darling Downs - Maranoa,4377
QLD,307,Darling Downs - Maranoa,4378
QLD,307,Darling Downs - Maranoa,4380
QLD,307,Darling Downs - Maranoa,4381
QLD,307,Darling Downs - Maranoa,4382
QLD,307,Darling Downs - Maranoa,4383
QLD,307,Darling Downs - Maranoa,4384
QLD,307,Darling Downs - Maranoa,4385
QLD,307,Darling Downs - Maranoa,4387
QLD,307,Darling Downs - Maranoa,4388
QLD,307,Darling Downs - Maranoa,4390
QLD,307,Darling Downs - Maranoa,4401
QLD,307,Darling Downs - Maranoa,4402
QLD,307,Darling Downs - Maranoa,4403
QLD,307,Darling Downs - Maranoa,4404
QLD,307,Darling Downs - Maranoa,4405
QLD,307,Darling Downs - Maranoa,4406
QLD,307,Darling Downs - Maranoa,4407
QLD,307,Darling Downs - Maranoa,4408
QLD,307,Darling Downs - Maranoa,4410
QLD,307,Darling Downs - Maranoa,4411
QLD,307,Darling Downs - Maranoa,4412
QLD,307,Darling Downs - Maranoa,4413
QLD,307,Darling Downs - Maranoa,4415
QLD,307,Darling Downs - Maranoa,4416
QLD,307,Darling Downs - Maranoa,4417
QLD,307,Darling Downs - Maranoa,4418
QLD,307,Darling Downs - Maranoa,4419
QLD,307,Darling Downs - Maranoa,4421
QLD,307,Darling Downs - Maranoa,4422
QLD,307,Darling Downs - Maranoa,4423
QLD,307,Darling Downs - Maranoa,4424
QLD,307,Darling Downs - Maranoa,4425
QLD,307,Darling Downs - Maranoa,4426
QLD,307,Darling Downs - Maranoa,4427
QLD,307,Darling Downs - Maranoa,4428
QLD,307,Darling Downs - Maranoa,4454
QLD,307,Darling Downs - Maranoa,4455
QLD,307,Darling Downs - Maranoa,4461
QLD,307,Darling Downs - Maranoa,4462
QLD,307,Darling Downs - Maranoa,4465
QLD,307,Darling Downs - Maranoa,4467
QLD,307,Darling Downs - Maranoa,4486
QLD,307,Darling Downs - Maranoa,4487
QLD,307,Darling Downs - Maranoa,4488
QLD,307,Darling Downs - Maranoa,4494
QLD,307,Darling Downs - Maranoa,4496
QLD,307,Darling Downs - Maranoa,4497
QLD,307,Darling Downs - Maranoa,4498
QLD,307,Darling Downs - Maranoa,4614
QLD,308,Fitzroy,4420
QLD,308,Fitzroy,4674
QLD,308,Fitzroy,4676
QLD,308,Fitzroy,4677
QLD,308,Fitzroy,4678
QLD,308,Fitzroy,4680
QLD,308,Fitzroy,4694
QLD,308,Fitzroy,4695
QLD,308,Fitzroy,4697
QLD,308,Fitzroy,4699
QLD,308,Fitzroy,4700
QLD,308,Fitzroy,4701
QLD,308,Fitzroy,4702
QLD,308,Fitzroy,4703
QLD,308,Fitzroy,4704
QLD,308,Fitzroy,4706
QLD,308,Fitzroy,4709
QLD,308,Fitzroy,4710
QLD,308,Fitzroy,4711
QLD,308,Fitzroy,4712
QLD,308,Fitzroy,4713
QLD,308,Fitzroy,4714
QLD,308,Fitzroy,4715
QLD,308,Fitzroy,4716
QLD,308,Fitzroy,4717
QLD,308,Fitzroy,4718
QLD,308,Fitzroy,4719
QLD,308,Fitzroy,4720
QLD,308,Fitzroy,4722
QLD,308,Fitzroy,4723
QLD,309,Gold Coast,4208
QLD,309,Gold Coast,4209
QLD,309,Gold Coast,4210
QLD,309,Gold Coast,4211
QLD,309,Gold Coast,4212
QLD,309,Gold Coast,4213
QLD,309,Gold Coast,4214
QLD,309,Gold Coast,4215
QLD,309,Gold Coast,4216
QLD,309,Gold Coast,4217
QLD,309,Gold Coast,4218
QLD,309,Gold Coast,4219
QLD,309,Gold Coast,4220
QLD,309,Gold Coast,4221
QLD,309,Gold Coast,4222
QLD,309,Gold Coast,4223
QLD,309,Gold Coast,4224
QLD,309,Gold Coast,4225
QLD,309,Gold Coast,4226
QLD,309,Gold Coast,4227
QLD,309,Gold Coast,4228
QLD,309,Gold Coast,4229
QLD,309,Gold Coast,4230
QLD,309,Gold Coast,4270
QLD,309,Gold Coast,4271
QLD,309,Gold Coast,4272
QLD,309,Gold Coast,4275
QLD,310,Ipswich,4076
QLD,310,Ipswich,4077
QLD,310,Ipswich,4078
QLD,310,Ipswich,4300
QLD,310,Ipswich,4301
QLD,310,Ipswich,4303
QLD,310,Ipswich,4304
QLD,310,Ipswich,4305
QLD,310,Ipswich,4306
QLD,310,Ipswich,4307
QLD,310,Ipswich,4309
QLD,310,Ipswich,4310
QLD,310,Ipswich,4311
QLD,310,Ipswich,4312
QLD,310,Ipswich,4313
QLD,310,Ipswich,4340
QLD,310,Ipswich,4341
QLD,310,Ipswich,4342
QLD,310,Ipswich,4346
QLD,311,Logan - Beaudesert,4114
QLD,311,Logan - Beaudesert,4117
QLD,311,Logan - Beaudesert,4118
QLD,311,Logan - Beaudesert,4119
QLD,311,Logan - Beaudesert,4123
QLD,311,Logan - Beaudesert,4124
QLD,311,Logan - Beaudesert,4125
QLD,311,Logan - Beaudesert,4127
QLD,311,Logan - Beaudesert,4128
QLD,311,Logan - Beaudesert,4129
QLD,311,Logan - Beaudesert,4130
QLD,311,Logan - Beaudesert,4131
QLD,311,Logan - Beaudesert,4132
QLD,311,Logan - Beaudesert,4133
QLD,311,Logan - Beaudesert,4205
QLD,311,Logan - Beaudesert,4207
QLD,311,Logan - Beaudesert,4280
QLD,311,Logan - Beaudesert,4285
QLD,311,Logan - Beaudesert,4287
QLD,312,Mackay,4705
QLD,312,Mackay,4707
QLD,312,Mackay,4721
QLD,312,Mackay,4737
QLD,312,Mackay,4738
QLD,312,Mackay,4739
QLD,312,Mackay,4740
QLD,312,Mackay,4741
QLD,312,Mackay,4742
QLD,312,Mackay,4743
QLD,312,Mackay,4744
QLD,312,Mackay,4745
QLD,312,Mackay,4746
QLD,312,Mackay,4750
QLD,312,Mackay,4751
QLD,312,Mackay,4753
QLD,312,Mackay,4754
QLD,312,Mackay,4756
QLD,312,Mackay,4757
QLD,312,Mackay,4798
QLD,312,Mackay,4799
QLD,312,Mackay,4800
QLD,312,Mackay,4801
QLD,312,Mackay,4802
QLD,312,Mackay,4803
QLD,312,Mackay,4804
QLD,312,Mackay,4805
QLD,313,Moreton Bay - North,4019
QLD,313,Moreton Bay - North,4020
QLD,313,Moreton Bay - North,4021
QLD,313,Moreton Bay - North,4022
QLD,313,Moreton Bay - North,4504
QLD,313,Moreton Bay - North,4505
QLD,313,Moreton Bay - North,4506
QLD,313,Moreton Bay - North,4507
QLD,313,Moreton Bay - North,4508
QLD,313,Moreton Bay - North,4510
QLD,313,Moreton Bay - North,4511
QLD,313,Moreton Bay - North,4512
QLD,313,Moreton Bay - North,4514
QLD,313,Moreton Bay - North,4515
QLD,313,Moreton Bay - North,4516
QLD,314,Moreton Bay - South,4035
QLD,314,Moreton Bay - South,4037
QLD,314,Moreton Bay - South,4055
QLD,314,Moreton Bay - South,4500
QLD,314,Moreton Bay - South,4501
QLD,314,Moreton Bay - South,4502
QLD,314,Moreton Bay - South,4503
QLD,314,Moreton Bay - South,4509
QLD,314,Moreton Bay - South,4520
QLD,314,Moreton Bay - South,4521
QLD,315,Queensland - Outback,4468
QLD,315,Queensland - Outback,4470
QLD,315,Queensland - Outback,4471
QLD,315,Queensland - Outback,4472
QLD,315,Queensland - Outback,4474
QLD,315,Queensland - Outback,4475
QLD,315,Queensland - Outback,4477
QLD,315,Queensland - Outback,4478
QLD,315,Queensland - Outback,4479
QLD,315,Queensland - Outback,4480
QLD,315,Queensland - Outback,4481
QLD,315,Queensland - Outback,4482
QLD,315,Queensland - Outback,4489
QLD,315,Queensland - Outback,4490
QLD,315,Queensland - Outback,4491
QLD,315,Queensland - Outback,4492
QLD,315,Queensland - Outback,4493
QLD,315,Queensland - Outback,4724
QLD,315,Queensland - Outback,4725
QLD,315,Queensland - Outback,4726
QLD,315,Queensland - Outback,4727
QLD,315,Queensland - Outback,4728
QLD,315,Queensland - Outback,4730
QLD,315,Queensland - Outback,4731
QLD,315,Queensland - Outback,4732
QLD,315,Queensland - Outback,4733
QLD,315,Queensland - Outback,4735
QLD,315,Queensland - Outback,4736
QLD,315,Queensland - Outback,4821
QLD,315,Queensland - Outback,4822
QLD,315,Queensland - Outback,4823
QLD,315,Queensland - Outback,4824
QLD,315,Queensland - Outback,4825
QLD,315,Queensland - Outback,4828
QLD,315,Queensland - Outback,4829
QLD,315,Queensland - Outback,4830
QLD,315,Queensland - Outback,4871
QLD,315,Queensland - Outback,4874
QLD,315,Queensland - Outback,4875
QLD,315,Queensland - Outback,4876
QLD,315,Queensland - Outback,4890
QLD,315,Queensland - Outback,4891
QLD,315,Queensland - Outback,4895
QLD,316,Sunshine Coast,4517
QLD,316,Sunshine Coast,4518
QLD,316,Sunshine Coast,4519
QLD,316,Sunshine Coast,4550
QLD,316,Sunshine Coast,4551
QLD,316,Sunshine Coast,4552
QLD,316,Sunshine Coast,4553
QLD,316,Sunshine Coast,4554
QLD,316,Sunshine Coast,4555
QLD,316,Sunshine Coast,4556
QLD,316,Sunshine Coast,4557
QLD,316,Sunshine Coast,4558
QLD,316,Sunshine Coast,4559
QLD,316,Sunshine Coast,4560
QLD,316,Sunshine Coast,4561
QLD,316,Sunshine Coast,4562
QLD,316,Sunshine Coast,4563
QLD,316,Sunshine Coast,4564
QLD,316,Sunshine Coast,4565
QLD,316,Sunshine Coast,4566
QLD,316,Sunshine Coast,4567
QLD,316,Sunshine Coast,4568
QLD,316,Sunshine Coast,4569
QLD,316,Sunshine Coast,4571
QLD,316,Sunshine Coast,4572
QLD,316,Sunshine Coast,4573
QLD,316,Sunshine Coast,4574
QLD,316,Sunshine Coast,4575
QLD,317,Toowoomba,4343
QLD,317,Toowoomba,4344
QLD,317,Toowoomba,4345
QLD,317,Toowoomba,4347
QLD,317,Toowoomba,4350
QLD,317,Toowoomba,4352
QLD,317,Toowoomba,4358
QLD,317,Toowoomba,4400
QLD,318,Townsville,4806
QLD,318,Townsville,4807
QLD,318,Townsville,4808
QLD,318,Townsville,4809
QLD,318,Townsville,4810
QLD,318,Townsville,4811
QLD,318,Townsville,4812
QLD,318,Townsville,4813
QLD,318,Townsville,4814
QLD,318,Townsville,4815
QLD,318,Townsville,4816
QLD,318,Townsville,4817
QLD,318,Townsville,4818
QLD,318,Townsville,4819
QLD,318,Townsville,4820
QLD,318,Townsville,4850
QLD,319,Wide Bay,4570
QLD,319,Wide Bay,4580
QLD,319,Wide Bay,4581
QLD,319,Wide Bay,4600
QLD,319,Wide Bay,4601
QLD,319,Wide Bay,4605
QLD,319,Wide Bay,4606
QLD,319,Wide Bay,4608
QLD,319,Wide Bay,4610
QLD,319,Wide Bay,4611
QLD,319,Wide Bay,4612
QLD,319,Wide Bay,4613
QLD,319,Wide Bay,4615
QLD,319,Wide Bay,4620
QLD,319,Wide Bay,4621
QLD,319,Wide Bay,4625
QLD,319,Wide Bay,4626
QLD,319,Wide Bay,4627
QLD,319,Wide Bay,4630
QLD,319,Wide Bay,4650
QLD,319,Wide Bay,4655
QLD,319,Wide Bay,4659
QLD,319,Wide Bay,4660
QLD,319,Wide Bay,4662
QLD,319,Wide Bay,4670
QLD,319,Wide Bay,4671
QLD,319,Wide Bay,4673
SA,401,Adelaide - Central and Hills,5000
SA,401,Adelaide - Central and Hills,5005
SA,401,Adelaide - Central and Hills,5006
SA,401,Adelaide - Central and Hills,5034
SA,401,Adelaide - Central and Hills,5035
SA,401,Adelaide - Central and Hills,5061
SA,401,Adelaide - Central and Hills,5063
SA,401,Adelaide - Central and Hills,5064
SA,401,Adelaide - Central and Hills,5065
SA,401,Adelaide - Central and Hills,5066
SA,401,Adelaide - Central and Hills,5067
SA,401,Adelaide - Central and Hills,5068
SA,401,Adelaide - Central and Hills,5069
SA,401,Adelaide - Central and Hills,5070
SA,401,Adelaide - Central and Hills,5072
SA,401,Adelaide - Central and Hills,5073
SA,401,Adelaide - Central and Hills,5074
SA,401,Adelaide - Central and Hills,5075
SA,401,Adelaide - Central and Hills,5076
SA,401,Adelaide - Central and Hills,5081
SA,401,Adelaide - Central and Hills,5082
SA,401,Adelaide - Central and Hills,5083
SA,401,Adelaide - Central and Hills,5131
SA,401,Adelaide - Central and Hills,5132
SA,401,Adelaide - Central and Hills,5133
SA,401,Adelaide - Central and Hills,5134
SA,401,Adelaide - Central and Hills,5136
SA,401,Adelaide - Central and Hills,5137
SA,401,Adelaide - Central and Hills,5138
SA,401,Adelaide - Central and Hills,5139
SA,401,Adelaide - Central and Hills,5140
SA,401,Adelaide - Central and Hills,5141
SA,401,Adelaide - Central and Hills,5142
SA,401,Adelaide - Central and Hills,5144
SA,401,Adelaide - Central and Hills,5151
SA,401,Adelaide - Central and Hills,5152
SA,401,Adelaide - Central and Hills,5153
SA,401,Adelaide - Central and Hills,5154
SA,401,Adelaide - Central and Hills,5155
SA,401,Adelaide - Central and Hills,5156
SA,401,Adelaide - Central and Hills,5201
SA,401,Adelaide - Central and Hills,5231
SA,401,Adelaide - Central and Hills,5232
SA,401,Adelaide - Central and Hills,5233
SA,401,Adelaide - Central and Hills,5234
SA,401,Adelaide - Central and Hills,5240
SA,401,Adelaide - Central and Hills,5241
SA,401,Adelaide - Central and Hills,5242
SA,401,Adelaide - Central and Hills,5243
SA,401,Adelaide - Central and Hills,5244
SA,401,Adelaide - Central and Hills,5245
SA,401,Adelaide - Central and Hills,5250
SA,401,Adelaide - Central and Hills,5251
SA,401,Adelaide - Central and Hills,5252
SA,401,Adelaide - Central and Hills,5999
SA,402,Adelaide - North,5084
SA,402,Adelaide - North,5085
SA,402,Adelaide - North,5086
SA,402,Adelaide - North,5087
SA,402,Adelaide - North,5088
SA,402,Adelaide - North,5089
SA,402,Adelaide - North,5090
SA,402,Adelaide - North,5091
SA,402,Adelaide - North,5092
SA,402,Adelaide - North,5093
SA,402,Adelaide - North,5094
SA,402,Adelaide - North,5095
SA,402,Adelaide - North,5096
SA,402,Adelaide - North,5097
SA,402,Adelaide - North,5098
SA,402,Adelaide - North,5106
SA,402,Adelaide - North,5107
SA,402,Adelaide - North,5108
SA,402,Adelaide - North,5109
SA,402,Adelaide - North,5110
SA,402,Adelaide - North,5111
SA,402,Adelaide - North,5112
SA,402,Adelaide - North,5113
SA,402,Adelaide - North,5114
SA,402,Adelaide - North,5115
SA,402,Adelaide - North,5116
SA,402,Adelaide - North,5117
SA,402,Adelaide - North,5118
SA,402,Adelaide - North,5120
SA,402,Adelaide - North,5121
SA,402,Adelaide - North,5125
SA,402,Adelaide - North,5126
SA,402,Adelaide - North,5127
SA,402,Adelaide - North,5371
SA,402,Adelaide - North,5501
SA,403,Adelaide - South,5039
SA,403,Adelaide - South,5041
SA,403,Adelaide - South,5042
SA,403,Adelaide - South,5043
SA,403,Adelaide - South,5044
SA,403,Adelaide - South,5045
SA,403,Adelaide - South,5046
SA,403,Adelaide - South,5047
SA,403,Adelaide - South,5048
SA,403,Adelaide - South,5049
SA,403,Adelaide - South,5050
SA,403,Adelaide - South,5051
SA,403,Adelaide - South,5052
SA,403,Adelaide - South,5062
SA,403,Adelaide - South,5150
SA,403,Adelaide - South,5157
SA,403,Adelaide - South,5158
SA,403,Adelaide - South,5159
SA,403,Adelaide - South,5160
SA,403,Adelaide - South,5161
SA,403,Adelaide - South,5162
SA,403,Adelaide - South,5163
SA,403,Adelaide - South,5164
SA,403,Adelaide - South,5165
SA,403,Adelaide - South,5166
SA,403,Adelaide - South,5167
SA,403,Adelaide - South,5168
SA,403,Adelaide - South,5169
SA,403,Adelaide - South,5170
SA,403,Adelaide - South,5171
SA,403,Adelaide - South,5172
SA,403,Adelaide - South,5173
SA,403,Adelaide - South,5174
SA,404,Adelaide - West,5007
SA,404,Adelaide - West,5008
SA,404,Adelaide - West,5009
SA,404,Adelaide - West,5010
SA,404,Adelaide - West,5011
SA,404,Adelaide - West,5012
SA,404,Adelaide - West,5013
SA,404,Adelaide - West,5014
SA,404,Adelaide - West,5015
SA,404,Adelaide - West,5016
SA,404,Adelaide - West,5017
SA,404,Adelaide - West,5018
SA,404,Adelaide - West,5019
SA,404,Adelaide - West,5020
SA,404,Adelaide - West,5021
SA,404,Adelaide - West,5022
SA,404,Adelaide - West,5023
SA,404,Adelaide - West,5024
SA,404,Adelaide - West,5025
SA,404,Adelaide - West,5031
SA,404,Adelaide - West,5032
SA,404,Adelaide - West,5033
SA,404,Adelaide - West,5037
SA,404,Adelaide - West,5038
SA,404,Adelaide - West,5040
SA,404,Adelaide - West,5950
SA,405,Barossa - Yorke - Mid North,5235
SA,405,Barossa - Yorke - Mid North,5350
SA,405,Barossa - Yorke - Mid North,5351
SA,405,Barossa - Yorke - Mid North,5352
SA,405,Barossa - Yorke - Mid North,5353
SA,405,Barossa - Yorke - Mid North,5355
SA,405,Barossa - Yorke - Mid North,5360
SA,405,Barossa - Yorke - Mid North,5372
SA,405,Barossa - Yorke - Mid North,5373
SA,405,Barossa - Yorke - Mid North,5374
SA,405,Barossa - Yorke - Mid North,5381
SA,405,Barossa - Yorke - Mid North,5400
SA,405,Barossa - Yorke - Mid North,5401
SA,405,Barossa - Yorke - Mid North,5410
SA,405,Barossa - Yorke - Mid North,5411
SA,405,Barossa - Yorke - Mid North,5412
SA,405,Barossa - Yorke - Mid North,5413
SA,405,Barossa - Yorke - Mid North,5414
SA,405,Barossa - Yorke - Mid North,5415
SA,405,Barossa - Yorke - Mid North,5416
SA,405,Barossa - Yorke - Mid North,5417
SA,405,Barossa - Yorke - Mid North,5418
SA,405,Barossa - Yorke - Mid North,5419
SA,405,Barossa - Yorke - Mid North,5420
SA,405,Barossa - Yorke - Mid North,5421
SA,405,Barossa - Yorke - Mid North,5422
SA,405,Barossa - Yorke - Mid North,5431
SA,405,Barossa - Yorke - Mid North,5432
SA,405,Barossa - Yorke - Mid North,5451
SA,405,Barossa - Yorke - Mid North,5452
SA,405,Barossa - Yorke - Mid North,5453
SA,405,Barossa - Yorke - Mid North,5454
SA,405,Barossa - Yorke - Mid North,5455
SA,405,Barossa - Yorke - Mid North,5460
SA,405,Barossa - Yorke - Mid North,5461
SA,405,Barossa - Yorke - Mid North,5462
SA,405,Barossa - Yorke - Mid North,5464
SA,405,Barossa - Yorke - Mid North,5470
SA,405,Barossa - Yorke - Mid North,5471
SA,405,Barossa - Yorke - Mid North,5472
SA,405,Barossa - Yorke - Mid North,5473
SA,405,Barossa - Yorke - Mid North,5480
SA,405,Barossa - Yorke - Mid North,5481
SA,405,Barossa - Yorke - Mid North,5482
SA,405,Barossa - Yorke - Mid North,5483
SA,405,Barossa - Yorke - Mid North,5485
SA,405,Barossa - Yorke - Mid North,5490
SA,405,Barossa - Yorke - Mid North,5491
SA,405,Barossa - Yorke - Mid North,5493
SA,405,Barossa - Yorke - Mid North,5495
SA,405,Barossa - Yorke - Mid North,5502
SA,405,Barossa - Yorke - Mid North,5510
SA,405,Barossa - Yorke - Mid North,5520
SA,405,Barossa - Yorke - Mid North,5521
SA,405,Barossa - Yorke - Mid North,5522
SA,405,Barossa - Yorke - Mid North,5523
SA,405,Barossa - Yorke - Mid North,5540
SA,405,Barossa - Yorke - Mid North,5550
SA,405,Barossa - Yorke - Mid North,5552
SA,405,Barossa - Yorke - Mid North,5554
SA,405,Barossa - Yorke - Mid North,5555
SA,405,Barossa - Yorke - Mid North,5556
SA,405,Barossa - Yorke - Mid North,5558
SA,405,Barossa - Yorke - Mid North,5560
SA,405,Barossa - Yorke - Mid North,5570
SA,405,Barossa - Yorke - Mid North,5571
SA,405,Barossa - Yorke - Mid North,5572
SA,405,Barossa - Yorke - Mid North,5573
SA,405,Barossa - Yorke - Mid North,5575
SA,405,Barossa - Yorke - Mid North,5576
SA,405,Barossa - Yorke - Mid North,5577
SA,405,Barossa - Yorke - Mid North,5580
SA,405,Barossa - Yorke - Mid North,5581
SA,405,Barossa - Yorke - Mid North,5582
SA,405,Barossa - Yorke - Mid North,5583
SA,406,South Australia - Outback,5433
SA,406,South Australia - Outback,5434
SA,406,South Australia - Outback,5440
SA,406,South Australia - Outback,5600
SA,406,South Australia - Outback,5601
SA,406,South Australia - Outback,5602
SA,406,South Australia - Outback,5603
SA,406,South Australia - Outback,5604
SA,406,South Australia - Outback,5605
SA,406,South Australia - Outback,5606
SA,406,South Australia - Outback,5607
SA,406,South Australia - Outback,5608
SA,406,South Australia - Outback,5609
SA,406,South Australia - Outback,5630
SA,406,South Australia - Outback,5631
SA,406,South Australia - Outback,5632
SA,406,South Australia - Outback,5633
SA,406,South Australia - Outback,5640
SA,406,South Australia - Outback,5641
SA,406,South Australia - Outback,5642
SA,406,South Australia - Outback,5650
SA,406,South Australia - Outback,5651
SA,406,South Australia - Outback,5652
SA,406,South Australia - Outback,5653
SA,406,South Australia - Outback,5654
SA,406,South Australia - Outback,5655
SA,406,South Australia - Outback,5660
SA,406,South Australia - Outback,5661
SA,406,South Australia - Outback,5670
SA,406,South Australia - Outback,5671
SA,406,South Australia - Outback,5680
SA,406,South Australia - Outback,5690
SA,406,South Australia - Outback,5700
SA,406,South Australia - Outback,5701
SA,406,South Australia - Outback,5710
SA,406,South Australia - Outback,5720
SA,406,South Australia - Outback,5722
SA,406,South Australia - Outback,5723
SA,406,South Australia - Outback,5724
SA,406,South Australia - Outback,5725
SA,406,South Australia - Outback,5730
SA,406,South Australia - Outback,5731
SA,406,South Australia - Outback,5732
SA,406,South Australia - Outback,5733
SA,406,South Australia - Outback,5734
SA,407,South Australia - South East,5202
SA,407,South Australia - South East,5203
SA,407,South Australia - South East,5204
SA,407,South Australia - South East,5210
SA,407,South Australia - South East,5211
SA,407,South Australia - South East,5212
SA,407,South Australia - South East,5213
SA,407,South Australia - South East,5214
SA,407,South Australia - South East,5220
SA,407,South Australia - South East,5221
SA,407,South Australia - South East,5222
SA,407,South Australia - South East,5223
SA,407,South Australia - South East,5236
SA,407,South Australia - South East,5237
SA,407,South Australia - South East,5238
SA,407,South Australia - South East,5253
SA,407,South Australia - South East,5254
SA,407,South Australia - South East,5255
SA,407,South Australia - South East,5256
SA,407,South Australia - South East,5259
SA,407,South Australia - South East,5260
SA,407,South Australia - South East,5261
SA,407,South Australia - South East,5262
SA,407,South Australia - South East,5263
SA,407,South Australia - South East,5264
SA,407,South Australia - South East,5265
SA,407,South Australia - South East,5266
SA,407,South Australia - South East,5267
SA,407,South Australia - South East,5268
SA,407,South Australia - South East,5269
SA,407,South Australia - South East,5270
SA,407,South Australia - South East,5271
SA,407,South Australia - South East,5272
SA,407,South Australia - South East,5273
SA,407,South Australia - South East,5275
SA,407,South Australia - South East,5276
SA,407,South Australia - South East,5277
SA,407,South Australia - South East,5278
SA,407,South Australia - South East,5279
SA,407,South Australia - South East,5280
SA,407,South Australia - South East,5290
SA,407,South Australia - South East,5291
SA,407,South Australia - South East,5301
SA,407,South Australia - South East,5302
SA,407,South Australia - South East,5303
SA,407,South Australia - South East,5304
SA,407,South Australia - South East,5306
SA,407,South Australia - South East,5307
SA,407,South Australia - South East,5308
SA,407,South Australia - South East,5309
SA,407,South Australia - South East,5310
SA,407,South Australia - South East,5311
SA,407,South Australia - South East,5320
SA,407,South Australia - South East,5321
SA,407,South Australia - South East,5322
SA,407,South Australia - South East,5330
SA,407,South Australia - South East,5331
SA,407,South Australia - South East,5332
SA,407,South Australia - South East,5333
SA,407,South Australia - South East,5340
SA,407,South Australia - South East,5341
SA,407,South Australia - South East,5342
SA,407,South Australia - South East,5343
SA,407,South Australia - South East,5344
SA,407,South Australia - South East,5345
SA,407,South Australia - South East,5346
SA,407,South Australia - South East,5354
SA,407,South Australia - South East,5356
SA,407,South Australia - South East,5357
WA,501,Bunbury,6215
WA,501,Bunbury,6218
WA,501,Bunbury,6220
WA,501,Bunbury,6221
WA,501,Bunbury,6223
WA,501,Bunbury,6224
WA,501,Bunbury,6225
WA,501,Bunbury,6226
WA,501,Bunbury,6227
WA,501,Bunbury,6228
WA,501,Bunbury,6229
WA,501,Bunbury,6230
WA,501,Bunbury,6232
WA,501,Bunbury,6233
WA,501,Bunbury,6236
WA,501,Bunbury,6237
WA,501,Bunbury,6239
WA,501,Bunbury,6240
WA,501,Bunbury,6243
WA,501,Bunbury,6244
WA,501,Bunbury,6251
WA,501,Bunbury,6252
WA,501,Bunbury,6253
WA,501,Bunbury,6254
WA,501,Bunbury,6255
WA,501,Bunbury,6256
WA,501,Bunbury,6258
WA,501,Bunbury,6260
WA,501,Bunbury,6262
WA,501,Bunbury,6271
WA,501,Bunbury,6275
WA,501,Bunbury,6280
WA,501,Bunbury,6281
WA,501,Bunbury,6282
WA,501,Bunbury,6284
WA,501,Bunbury,6285
WA,501,Bunbury,6286
WA,501,Bunbury,6288
WA,501,Bunbury,6290
WA,501,Bunbury,6398
WA,502,Mandurah,6180
WA,502,Mandurah,6181
WA,502,Mandurah,6182
WA,502,Mandurah,6207
WA,502,Mandurah,6208
WA,502,Mandurah,6209
WA,502,Mandurah,6210
WA,502,Mandurah,6211
WA,502,Mandurah,6214
WA,503,Perth - Inner,6000
WA,503,Perth - Inner,6003
WA,503,Perth - Inner,6004
WA,503,Perth - Inner,6005
WA,503,Perth - Inner,6006
WA,503,Perth - Inner,6007
WA,503,Perth - Inner,6008
WA,503,Perth - Inner,6009
WA,503,Perth - Inner,6010
WA,503,Perth - Inner,6011
WA,503,Perth - Inner,6012
WA,503,Perth - Inner,6014
WA,503,Perth - Inner,6015
WA,503,Perth - Inner,6016
WA,503,Perth - Inner,6050
WA,503,Perth - Inner,6052
WA,503,Perth - Inner,6907
WA,503,Perth - Inner,6999
WA,504,Perth - North East,6051
WA,504,Perth - North East,6053
WA,504,Perth - North East,6054
WA,504,Perth - North East,6055
WA,504,Perth - North East,6056
WA,504,Perth - North East,6062
WA,504,Perth - North East,6063
WA,504,Perth - North East,6066
WA,504,Perth - North East,6067
WA,504,Perth - North East,6068
WA,504,Perth - North East,6069
WA,504,Perth - North East,6070
WA,504,Perth - North East,6071
WA,504,Perth - North East,6072
WA,504,Perth - North East,6073
WA,504,Perth - North East,6074
WA,504,Perth - North East,6081
WA,504,Perth - North East,6082
WA,504,Perth - North East,6083
WA,504,Perth - North East,6084
WA,504,Perth - North East,6090
WA,504,Perth - North East,6556
WA,504,Perth - North East,6558
WA,505,Perth - North West,6017
WA,505,Perth - North West,6018
WA,505,Perth - North West,6019
WA,505,Perth - North West,6020
WA,505,Perth - North West,6021
WA,505,Perth - North West,6022
WA,505,Perth - North West,6023
WA,505,Perth - North West,6024
WA,505,Perth - North West,6025
WA,505,Perth - North West,6026
WA,505,Perth - North West,6027
WA,505,Perth - North West,6028
WA,505,Perth - North West,6029
WA,505,Perth - North West,6030
WA,505,Perth - North West,6031
WA,505,Perth - North West,6032
WA,505,Perth - North West,6033
WA,505,Perth - North West,6034
WA,505,Perth - North West,6035
WA,505,Perth - North West,6036
WA,505,Perth - North West,6037
WA,505,Perth - North West,6038
WA,505,Perth - North West,6059
WA,505,Perth - North West,6060
WA,505,Perth - North West,6061
WA,505,Perth - North West,6064
WA,505,Perth - North West,6065
WA,505,Perth - North West,6077
WA,505,Perth - North West,6078
WA,505,Perth - North West,6079
WA,506,Perth - South East,6057
WA,506,Perth - South East,6058
WA,506,Perth - South East,6076
WA,506,Perth - South East,6100
WA,506,Perth - South East,6101
WA,506,Perth - South East,6102
WA,506,Perth - South East,6103
WA,506,Perth - South East,6104
WA,506,Perth - South East,6105
WA,506,Perth - South East,6106
WA,506,Perth - South East,6107
WA,506,Perth - South East,6108
WA,506,Perth - South East,6109
WA,506,Perth - South East,6110
WA,506,Perth - South East,6111
WA,506,Perth - South East,6112
WA,506,Perth - South East,6121
WA,506,Perth - South East,6122
WA,506,Perth - South East,6123
WA,506,Perth - South East,6124
WA,506,Perth - South East,6125
WA,506,Perth - South East,6126
WA,506,Perth - South East,6147
WA,506,Perth - South East,6148
WA,506,Perth - South East,6151
WA,506,Perth - South East,6152
WA,506,Perth - South East,6155
WA,507,Perth - South West,6149
WA,507,Perth - South West,6150
WA,507,Perth - South West,6153
WA,507,Perth - South West,6154
WA,507,Perth - South West,6156
WA,507,Perth - South West,6157
WA,507,Perth - South West,6158
WA,507,Perth - South West,6159
WA,507,Perth - South West,6160
WA,507,Perth - South West,6161
WA,507,Perth - South West,6162
WA,507,Perth - South West,6163
WA,507,Perth - South West,6164
WA,507,Perth - South West,6165
WA,507,Perth - South West,6166
WA,507,Perth - South West,6167
WA,507,Perth - South West,6168
WA,507,Perth - South West,6169
WA,507,Perth - South West,6170
WA,507,Perth - South West,6171
WA,507,Perth - South West,6172
WA,507,Perth - South West,6173
WA,507,Perth - South West,6174
WA,507,Perth - South West,6175
WA,507,Perth - South West,6176
WA,508,Western Australia - Outback,6346
WA,508,Western Australia - Outback,6348
WA,508,Western Australia - Outback,6429
WA,508,Western Australia - Outback,6430
WA,508,Western Australia - Outback,6431
WA,508,Western Australia - Outback,6432
WA,508,Western Australia - Outback,6434
WA,508,Western Australia - Outback,6436
WA,508,Western Australia - Outback,6437
WA,508,Western Australia - Outback,6438
WA,508,Western Australia - Outback,6440
WA,508,Western Australia - Outback,6442
WA,508,Western Australia - Outback,6443
WA,508,Western Australia - Outback,6445
WA,508,Western Australia - Outback,6446
WA,508,Western Australia - Outback,6447
WA,508,Western Australia - Outback,6448
WA,508,Western Australia - Outback,6450
WA,508,Western Australia - Outback,6452
WA,508,Western Australia - Outback,6514
WA,508,Western Australia - Outback,6515
WA,508,Western Australia - Outback,6517
WA,508,Western Australia - Outback,6518
WA,508,Western Australia - Outback,6519
WA,508,Western Australia - Outback,6522
WA,508,Western Australia - Outback,6525
WA,508,Western Australia - Outback,6528
WA,508,Western Australia - Outback,6530
WA,508,Western Australia - Outback,6532
WA,508,Western Australia - Outback,6535
WA,508,Western Australia - Outback,6536
WA,508,Western Australia - Outback,6537
WA,508,Western Australia - Outback,6612
WA,508,Western Australia - Outback,6614
WA,508,Western Australia - Outback,6616
WA,508,Western Australia - Outback,6620
WA,508,Western Australia - Outback,6623
WA,508,Western Australia - Outback,6625
WA,508,Western Australia - Outback,6627
WA,508,Western Australia - Outback,6628
WA,508,Western Australia - Outback,6630
WA,508,Western Australia - Outback,6631
WA,508,Western Australia - Outback,6632
WA,508,Western Australia - Outback,6635
WA,508,Western Australia - Outback,6638
WA,508,Western Australia - Outback,6639
WA,508,Western Australia - Outback,6640
WA,508,Western Australia - Outback,6642
WA,508,Western Australia - Outback,6646
WA,508,Western Australia - Outback,6701
WA,508,Western Australia - Outback,6705
WA,508,Western Australia - Outback,6707
WA,508,Western Australia - Outback,6710
WA,508,Western Australia - Outback,6711
WA,508,Western Australia - Outback,6712
WA,508,Western Australia - Outback,6713
WA,508,Western Australia - Outback,6714
WA,508,Western Australia - Outback,6716
WA,508,Western Australia - Outback,6718
WA,508,Western Australia - Outback,6720
WA,508,Western Australia - Outback,6721
WA,508,Western Australia - Outback,6722
WA,508,Western Australia - Outback,6725
WA,508,Western Australia - Outback,6726
WA,508,Western Australia - Outback,6728
WA,508,Western Australia - Outback,6731
WA,508,Western Australia - Outback,6733
WA,508,Western Australia - Outback,6740
WA,508,Western Australia - Outback,6743
WA,508,Western Australia - Outback,6751
WA,508,Western Australia - Outback,6753
WA,508,Western Australia - Outback,6754
WA,508,Western Australia - Outback,6758
WA,508,Western Australia - Outback,6760
WA,508,Western Australia - Outback,6762
WA,508,Western Australia - Outback,6765
WA,508,Western Australia - Outback,6770
WA,509,Western Australia - Wheat Belt,6041
WA,509,Western Australia - Wheat Belt,6042
WA,509,Western Australia - Wheat Belt,6043
WA,509,Western Australia - Wheat Belt,6044
WA,509,Western Australia - Wheat Belt,6213
WA,509,Western Australia - Wheat Belt,6302
WA,509,Western Australia - Wheat Belt,6304
WA,509,Western Australia - Wheat Belt,6306
WA,509,Western Australia - Wheat Belt,6308
WA,509,Western Australia - Wheat Belt,6309
WA,509,Western Australia - Wheat Belt,6311
WA,509,Western Australia - Wheat Belt,6312
WA,509,Western Australia - Wheat Belt,6313
WA,509,Western Australia - Wheat Belt,6315
WA,509,Western Australia - Wheat Belt,6316
WA,509,Western Australia - Wheat Belt,6317
WA,509,Western Australia - Wheat Belt,6318
WA,509,Western Australia - Wheat Belt,6320
WA,509,Western Australia - Wheat Belt,6321
WA,509,Western Australia - Wheat Belt,6322
WA,509,Western Australia - Wheat Belt,6323
WA,509,Western Australia - Wheat Belt,6324
WA,509,Western Australia - Wheat Belt,6326
WA,509,Western Australia - Wheat Belt,6327
WA,509,Western Australia - Wheat Belt,6328
WA,509,Western Australia - Wheat Belt,6330
WA,509,Western Australia - Wheat Belt,6333
WA,509,Western Australia - Wheat Belt,6335
WA,509,Western Australia - Wheat Belt,6336
WA,509,Western Australia - Wheat Belt,6337
WA,509,Western Australia - Wheat Belt,6338
WA,509,Western Australia - Wheat Belt,6341
WA,509,Western Australia - Wheat Belt,6343
WA,509,Western Australia - Wheat Belt,6350
WA,509,Western Australia - Wheat Belt,6351
WA,509,Western Australia - Wheat Belt,6352
WA,509,Western Australia - Wheat Belt,6353
WA,509,Western Australia - Wheat Belt,6355
WA,509,Western Australia - Wheat Belt,6356
WA,509,Western Australia - Wheat Belt,6357
WA,509,Western Australia - Wheat Belt,6358
WA,509,Western Australia - Wheat Belt,6359
WA,509,Western Australia - Wheat Belt,6361
WA,509,Western Australia - Wheat Belt,6363
WA,509,Western Australia - Wheat Belt,6365
WA,509,Western Australia - Wheat Belt,6367
WA,509,Western Australia - Wheat Belt,6368
WA,509,Western Australia - Wheat Belt,6369
WA,509,Western Australia - Wheat Belt,6370
WA,509,Western Australia - Wheat Belt,6372
WA,509,Western Australia - Wheat Belt,6373
WA,509,Western Australia - Wheat Belt,6375
WA,509,Western Australia - Wheat Belt,6383
WA,509,Western Australia - Wheat Belt,6384
WA,509,Western Australia - Wheat Belt,6385
WA,509,Western Australia - Wheat Belt,6386
WA,509,Western Australia - Wheat Belt,6390
WA,509,Western Australia - Wheat Belt,6391
WA,509,Western Australia - Wheat Belt,6392
WA,509,Western Australia - Wheat Belt,6393
WA,509,Western Australia - Wheat Belt,6394
WA,509,Western Australia - Wheat Belt,6395
WA,509,Western Australia - Wheat Belt,6396
WA,509,Western Australia - Wheat Belt,6397
WA,509,Western Australia - Wheat Belt,6401
WA,509,Western Australia - Wheat Belt,6403
WA,509,Western Australia - Wheat Belt,6405
WA,509,Western Australia - Wheat Belt,6407
WA,509,Western Australia - Wheat Belt,6409
WA,509,Western Australia - Wheat Belt,6410
WA,509,Western Australia - Wheat Belt,6411
WA,509,Western Australia - Wheat Belt,6412
WA,509,Western Australia - Wheat Belt,6413
WA,509,Western Australia - Wheat Belt,6414
WA,509,Western Australia - Wheat Belt,6415
WA,509,Western Australia - Wheat Belt,6418
WA,509,Western Australia - Wheat Belt,6419
WA,509,Western Australia - Wheat Belt,6420
WA,509,Western Australia - Wheat Belt,6421
WA,509,Western Australia - Wheat Belt,6422
WA,509,Western Australia - Wheat Belt,6423
WA,509,Western Australia - Wheat Belt,6424
WA,509,Western Australia - Wheat Belt,6425
WA,509,Western Australia - Wheat Belt,6426
WA,509,Western Australia - Wheat Belt,6427
WA,509,Western Australia - Wheat Belt,6428
WA,509,Western Australia - Wheat Belt,6460
WA,509,Western Australia - Wheat Belt,6461
WA,509,Western Australia - Wheat Belt,6462
WA,509,Western Australia - Wheat Belt,6463
WA,509,Western Australia - Wheat Belt,6465
WA,509,Western Australia - Wheat Belt,6466
WA,509,Western Australia - Wheat Belt,6467
WA,509,Western Australia - Wheat Belt,6468
WA,509,Western Australia - Wheat Belt,6470
WA,509,Western Australia - Wheat Belt,6472
WA,509,Western Australia - Wheat Belt,6473
WA,509,Western Australia - Wheat Belt,6475
WA,509,Western Australia - Wheat Belt,6476
WA,509,Western Australia - Wheat Belt,6477
WA,509,Western Australia - Wheat Belt,6479
WA,509,Western Australia - Wheat Belt,6480
WA,509,Western Australia - Wheat Belt,6484
WA,509,Western Australia - Wheat Belt,6485
WA,509,Western Australia - Wheat Belt,6487
WA,509,Western Australia - Wheat Belt,6488
WA,509,Western Australia - Wheat Belt,6489
WA,509,Western Australia - Wheat Belt,6490
WA,509,Western Australia - Wheat Belt,6501
WA,509,Western Australia - Wheat Belt,6502
WA,509,Western Australia - Wheat Belt,6503
WA,509,Western Australia - Wheat Belt,6504
WA,509,Western Australia - Wheat Belt,6505
WA,509,Western Australia - Wheat Belt,6506
WA,509,Western Australia - Wheat Belt,6507
WA,509,Western Australia - Wheat Belt,6509
WA,509,Western Australia - Wheat Belt,6510
WA,509,Western Australia - Wheat Belt,6511
WA,509,Western Australia - Wheat Belt,6512
WA,509,Western Australia - Wheat Belt,6513
WA,509,Western Australia - Wheat Belt,6516
WA,509,Western Australia - Wheat Belt,6521
WA,509,Western Australia - Wheat Belt,6560
WA,509,Western Australia - Wheat Belt,6562
WA,509,Western Australia - Wheat Belt,6564
WA,509,Western Australia - Wheat Belt,6566
WA,509,Western Australia - Wheat Belt,6567
WA,509,Western Australia - Wheat Belt,6568
WA,509,Western Australia - Wheat Belt,6569
WA,509,Western Australia - Wheat Belt,6571
WA,509,Western Australia - Wheat Belt,6572
WA,509,Western Australia - Wheat Belt,6574
WA,509,Western Australia - Wheat Belt,6575
WA,509,Western Australia - Wheat Belt,6603
WA,509,Western Australia - Wheat Belt,6605
WA,509,Western Australia - Wheat Belt,6606
WA,509,Western Australia - Wheat Belt,6608
WA,509,Western Australia - Wheat Belt,6609
WA,509,Western Australia - Wheat Belt,6613
TAS,601,Hobart,7000
TAS,601,Hobart,7004
TAS,601,Hobart,7005
TAS,601,Hobart,7007
TAS,601,Hobart,7008
TAS,601,Hobart,7009
TAS,601,Hobart,7010
TAS,601,Hobart,7011
TAS,601,Hobart,7012
TAS,601,Hobart,7015
TAS,601,Hobart,7016
TAS,601,Hobart,7017
TAS,601,Hobart,7018
TAS,601,Hobart,7019
TAS,601,Hobart,7020
TAS,601,Hobart,7021
TAS,601,Hobart,7022
TAS,601,Hobart,7023
TAS,601,Hobart,7024
TAS,601,Hobart,7025
TAS,601,Hobart,7030
TAS,601,Hobart,7050
TAS,601,Hobart,7052
TAS,601,Hobart,7053
TAS,601,Hobart,7054
TAS,601,Hobart,7055
TAS,601,Hobart,7140
TAS,601,Hobart,7170
TAS,601,Hobart,7171
TAS,601,Hobart,7172
TAS,601,Hobart,7173
TAS,601,Hobart,7174
TAS,601,Hobart,7175
TAS,601,Hobart,7176
TAS,601,Hobart,7177
TAS,601,Hobart,7999
TAS,602,Launceston and North East,7209
TAS,602,Launceston and North East,7210
TAS,602,Launceston and North East,7211
TAS,602,Launceston and North East,7212
TAS,602,Launceston and North East,7213
TAS,602,Launceston and North East,7214
TAS,602,Launceston and North East,7215
TAS,602,Launceston and North East,7216
TAS,602,Launceston and North East,7248
TAS,602,Launceston and North East,7249
TAS,602,Launceston and North East,7250
TAS,602,Launceston and North East,7252
TAS,602,Launceston and North East,7253
TAS,602,Launceston and North East,7254
TAS,602,Launceston and North East,7255
TAS,602,Launceston and North East,7257
TAS,602,Launceston and North East,7258
TAS,602,Launceston and North East,7259
TAS,602,Launceston and North East,7260
TAS,602,Launceston and North East,7261
TAS,602,Launceston and North East,7262
TAS,602,Launceston and North East,7263
TAS,602,Launceston and North East,7264
TAS,602,Launceston and North East,7265
TAS,602,Launceston and North East,7267
TAS,602,Launceston and North East,7268
TAS,602,Launceston and North East,7270
TAS,602,Launceston and North East,7275
TAS,602,Launceston and North East,7276
TAS,602,Launceston and North East,7277
TAS,602,Launceston and North East,7290
TAS,602,Launceston and North East,7291
TAS,602,Launceston and North East,7292
TAS,602,Launceston and North East,7300
TAS,602,Launceston and North East,7301
TAS,602,Launceston and North East,7302
TAS,602,Launceston and North East,7303
TAS,602,Launceston and North East,7304
TAS,601,Hobart,7001
TAS,601,Hobart,7026
TAS,601,Hobart,7027
TAS,601,Hobart,7109
TAS,601,Hobart,7112
TAS,601,Hobart,7113
TAS,601,Hobart,7116
TAS,601,Hobart,7117
TAS,601,Hobart,7119
TAS,601,Hobart,7120
TAS,601,Hobart,7139
TAS,601,Hobart,7150
TAS,601,Hobart,7155
TAS,601,Hobart,7162
TAS,601,Hobart,7163
TAS,601,Hobart,7178
TAS,601,Hobart,7179
TAS,601,Hobart,7180
TAS,601,Hobart,7182
TAS,601,Hobart,7183
TAS,601,Hobart,7184
TAS,601,Hobart,7185
TAS,601,Hobart,7186
TAS,601,Hobart,7187
TAS,601,Hobart,7190
TAS,604,West and North West,7256
TAS,604,West and North West,7305
TAS,604,West and North West,7306
TAS,604,West and North West,7307
TAS,604,West and North West,7310
TAS,604,West and North West,7315
TAS,604,West and North West,7316
TAS,604,West and North West,7320
TAS,604,West and North West,7321
TAS,604,West and North West,7322
TAS,604,West and North West,7325
TAS,604,West and North West,7330
TAS,604,West and North West,7331
TAS,604,West and North West,7466
TAS,604,West and North West,7467
TAS,604,West and North West,7468
TAS,604,West and North West,7469
TAS,604,West and North West,7470
NT,701,Darwin,800
NT,701,Darwin,810
NT,701,Darwin,812
NT,701,Darwin,820
NT,701,Darwin,828
NT,701,Darwin,829
NT,701,Darwin,830
NT,701,Darwin,832
NT,701,Darwin,834
NT,701,Darwin,835
NT,701,Darwin,836
NT,701,Darwin,837
NT,701,Darwin,838
NT,701,Darwin,839
NT,701,Darwin,841
NT,701,Darwin,899
NT,701,Darwin,909
NT,702,Northern Territory - Outback,822
NT,702,Northern Territory - Outback,840
NT,702,Northern Territory - Outback,845
NT,702,Northern Territory - Outback,846
NT,702,Northern Territory - Outback,847
NT,702,Northern Territory - Outback,850
NT,702,Northern Territory - Outback,852
NT,702,Northern Territory - Outback,853
NT,702,Northern Territory - Outback,854
NT,702,Northern Territory - Outback,860
NT,702,Northern Territory - Outback,862
NT,702,Northern Territory - Outback,870
NT,702,Northern Territory - Outback,872
NT,702,Northern Territory - Outback,880
NT,702,Northern Territory - Outback,885
NT,702,Northern Territory - Outback,886
ACT,801,Australian Capital Territory,2600
ACT,801,Australian Capital Territory,2601
ACT,801,Australian Capital Territory,2602
ACT,801,Australian Capital Territory,2603
ACT,801,Australian Capital Territory,2604
ACT,801,Australian Capital Territory,2605
ACT,801,Australian Capital Territory,2606
ACT,801,Australian Capital Territory,2607
ACT,801,Australian Capital Territory,2609
ACT,801,Australian Capital Territory,2611
ACT,801,Australian Capital Territory,2612
ACT,801,Australian Capital Territory,2614
ACT,801,Australian Capital Territory,2615
ACT,801,Australian Capital Territory,2617
ACT,801,Australian Capital Territory,2900
ACT,801,Australian Capital Territory,2902
ACT,801,Australian Capital Territory,2903
ACT,801,Australian Capital Territory,2904
ACT,801,Australian Capital Territory,2905
ACT,801,Australian Capital Territory,2906
ACT,801,Australian Capital Territory,2911
ACT,801,Australian Capital Territory,2912
ACT,801,Australian Capital Territory,2913
ACT,801,Australian Capital Territory,2914
ACT,801,Australian Capital Territory,2920
Other,902,Unknown/Overseas,2899
Other,902,Unknown/Overseas,6798
Other,902,Unknown/Overseas,6799
Other,902,Unknown/Overseas,7151
Other,902,Unknown/Overseas,0
Other,902,Unknown/Overseas,9998
Other,902,Unknown/Overseas,9999